ISO3,Location,DataId,Indicator,Value,Precision,DHS_CountryCode,CountryName,SurveyYear,SurveyId,IndicatorId,IndicatorOrder,IndicatorType,CharacteristicId,CharacteristicOrder,CharacteristicCategory,CharacteristicLabel,ByVariableId,ByVariableLabel,IsTotal,IsPreferred,SDRID,RegionId,SurveyYearLabel,SurveyType,DenominatorWeighted,DenominatorUnweighted,CILow,CIHigh,LevelRank
#country+code,#loc+name,#meta+id,#indicator+name,#indicator+value+num,#indicator+precision,,#country+name,#date+year,#survey+id,#indicator+code,,,,,,,#indicator+label+code,#indicator+label,,,,,,,,,,,
SEN,Nord et Est,7416793,Malaria prevalence according to RDT,2.3,1,SN,Senegal,2010,SN2010DHS,ML_PMAL_C_RDT,125136010.0,I,444016.0,1444100.0,Region,Nord et Est,0,,0.0,1.0,MLPMALCRDT,SNDHS2010444016,2010-11,DHS,605.0,910.0,0.6,3.9,
SEN,Saint Louis,1693631,Malaria prevalence according to RDT,1.7,1,SN,Senegal,2010,SN2010DHS,ML_PMAL_C_RDT,125136010.0,I,444018.0,1444110.0,Region,..Saint Louis,0,,0.0,1.0,MLPMALCRDT,SNDHS2010444018,2010-11,DHS,225.0,230.0,0.0,4.1,1.0
SEN,Louga,7579259,Malaria prevalence according to RDT,0.6,1,SN,Senegal,2010,SN2010DHS,ML_PMAL_C_RDT,125136010.0,I,444009.0,1444120.0,Region,..Louga,0,,0.0,1.0,MLPMALCRDT,SNDHS2010444009,2010-11,DHS,274.0,301.0,0.0,1.5,1.0
SEN,Matam,5726509,Malaria prevalence according to RDT,0,1,SN,Senegal,2010,SN2010DHS,ML_PMAL_C_RDT,125136010.0,I,444017.0,1444130.0,Region,..Matam,0,,0.0,1.0,MLPMALCRDT,SNDHS2010444017,2010-11,DHS,142.0,258.0,0.0,0.0,1.0
SEN,Ouest,3433708,Malaria prevalence according to RDT,1.5,1,SN,Senegal,2010,SN2010DHS,ML_PMAL_C_RDT,125136010.0,I,444001.0,1444200.0,Region,Ouest,0,,0.0,1.0,MLPMALCRDT,SNDHS2010444001,2010-11,DHS,1217.0,542.0,0.2,2.8,
SEN,Dakar,7557410,Malaria prevalence according to RDT,1.8,1,SN,Senegal,2010,SN2010DHS,ML_PMAL_C_RDT,125136010.0,I,444002.0,1444210.0,Region,..Dakar,0,,0.0,1.0,MLPMALCRDT,SNDHS2010444002,2010-11,DHS,765.0,259.0,0.0,3.8,1.0
SEN,Thiès,7490124,Malaria prevalence according to RDT,1,1,SN,Senegal,2010,SN2010DHS,ML_PMAL_C_RDT,125136010.0,I,444003.0,1444220.0,Region,..Thiès,0,,0.0,1.0,MLPMALCRDT,SNDHS2010444003,2010-11,DHS,452.0,283.0,0.0,2.0,1.0
SEN,Centre,7437071,Malaria prevalence according to RDT,2.8,1,SN,Senegal,2010,SN2010DHS,ML_PMAL_C_RDT,125136010.0,I,444004.0,1444300.0,Region,Centre,0,,0.0,1.0,MLPMALCRDT,SNDHS2010444004,2010-11,DHS,1485.0,1624.0,1.7,3.9,
SEN,Diourbel,7124926,Malaria prevalence according to RDT,1.1,1,SN,Senegal,2010,SN2010DHS,ML_PMAL_C_RDT,125136010.0,I,444005.0,1444310.0,Region,..Diourbel,0,,0.0,1.0,MLPMALCRDT,SNDHS2010444005,2010-11,DHS,444.0,322.0,0.0,2.7,1.0
SEN,Fatick,7551190,Malaria prevalence according to RDT,4.2,1,SN,Senegal,2010,SN2010DHS,ML_PMAL_C_RDT,125136010.0,I,444010.0,1444315.0,Region,..Fatick,0,,0.0,1.0,MLPMALCRDT,SNDHS2010444010,2010-11,DHS,244.0,316.0,0.2,8.1,1.0
SEN,Kaolack (2005),3317403,Malaria prevalence according to RDT,4.8,1,SN,Senegal,2010,SN2010DHS,ML_PMAL_C_RDT,125136010.0,I,444006.0,1444320.0,Region,..Kaolack (2005),0,,0.0,1.0,MLPMALCRDT,SNDHS2010444006,2010-11,DHS,523.0,685.0,2.9,6.7,
SEN,..Kaffrine,7313654,Malaria prevalence according to RDT,6,1,SN,Senegal,2010,SN2010DHS,ML_PMAL_C_RDT,125136010.0,I,444007.0,1444330.0,Region,....Kaffrine,0,,0.0,1.0,MLPMALCRDT,SNDHS2010444007,2010-11,DHS,187.0,300.0,2.1,9.9,1.0
SEN,..Kaolack (2010),6355111,Malaria prevalence according to RDT,4.1,1,SN,Senegal,2010,SN2010DHS,ML_PMAL_C_RDT,125136010.0,I,444008.0,1444340.0,Region,....Kaolack (2010),0,,0.0,1.0,MLPMALCRDT,SNDHS2010444008,2010-11,DHS,336.0,385.0,2.0,6.2,1.0
SEN,Sud,1009258,Malaria prevalence according to RDT,6,1,SN,Senegal,2010,SN2010DHS,ML_PMAL_C_RDT,125136010.0,I,444011.0,1444400.0,Region,Sud,0,,0.0,1.0,MLPMALCRDT,SNDHS2010444011,2010-11,DHS,472.0,811.0,3.2,8.9,
SEN,Ziguinchor,7439454,Malaria prevalence according to RDT,0.4,1,SN,Senegal,2010,SN2010DHS,ML_PMAL_C_RDT,125136010.0,I,444012.0,1444410.0,Region,..Ziguinchor,0,,0.0,1.0,MLPMALCRDT,SNDHS2010444012,2010-11,DHS,110.0,173.0,0.0,1.3,1.0
SEN,Kolda (2005),3558941,Malaria prevalence according to RDT,7.8,1,SN,Senegal,2010,SN2010DHS,ML_PMAL_C_RDT,125136010.0,I,444013.0,1444420.0,Region,..Kolda (2005),0,,0.0,1.0,MLPMALCRDT,SNDHS2010444013,2010-11,DHS,361.0,638.0,4.2,11.3,
SEN,..Sédhiou,7383916,Malaria prevalence according to RDT,0.7,1,SN,Senegal,2010,SN2010DHS,ML_PMAL_C_RDT,125136010.0,I,444014.0,1444430.0,Region,....Sédhiou,0,,0.0,1.0,MLPMALCRDT,SNDHS2010444014,2010-11,DHS,133.0,293.0,0.0,1.6,1.0
SEN,..Kolda (2010),7294740,Malaria prevalence according to RDT,11.9,1,SN,Senegal,2010,SN2010DHS,ML_PMAL_C_RDT,125136010.0,I,444015.0,1444440.0,Region,....Kolda (2010),0,,0.0,1.0,MLPMALCRDT,SNDHS2010444015,2010-11,DHS,228.0,345.0,6.9,16.8,1.0
SEN,Tambacounda (2005),7428061,Malaria prevalence according to RDT,4.2,1,SN,Senegal,2010,SN2010DHS,ML_PMAL_C_RDT,125136010.0,I,444019.0,1444480.0,Region,..Tambacounda (2005),0,,0.0,1.0,MLPMALCRDT,SNDHS2010444019,2010-11,DHS,238.0,422.0,0.3,8.0,
SEN,..Kédougou,3661084,Malaria prevalence according to RDT,8.4,1,SN,Senegal,2010,SN2010DHS,ML_PMAL_C_RDT,125136010.0,I,444020.0,1444490.0,Region,....Kédougou,0,,0.0,1.0,MLPMALCRDT,SNDHS2010444020,2010-11,DHS,30.0,127.0,2.1,14.7,1.0
SEN,..Tambacounda (2010),7564427,Malaria prevalence according to RDT,3.5,1,SN,Senegal,2010,SN2010DHS,ML_PMAL_C_RDT,125136010.0,I,444021.0,1444500.0,Region,....Tambacounda (2010),0,,0.0,1.0,MLPMALCRDT,SNDHS2010444021,2010-11,DHS,208.0,295.0,0.0,7.7,1.0
SEN,Nord et Est,5941078,Number of children 6-59 months tested using RDT,605,0,SN,Senegal,2010,SN2010DHS,ML_PMAL_C_NMR,125136060.0,D,444016.0,1444100.0,Region,Nord et Est,0,,0.0,1.0,MLPMALCNMR,SNDHS2010444016,2010-11,DHS,,910.0,,,
SEN,Saint Louis,1605487,Number of children 6-59 months tested using RDT,225,0,SN,Senegal,2010,SN2010DHS,ML_PMAL_C_NMR,125136060.0,D,444018.0,1444110.0,Region,..Saint Louis,0,,0.0,1.0,MLPMALCNMR,SNDHS2010444018,2010-11,DHS,,230.0,,,1.0
SEN,Louga,1618202,Number of children 6-59 months tested using RDT,274,0,SN,Senegal,2010,SN2010DHS,ML_PMAL_C_NMR,125136060.0,D,444009.0,1444120.0,Region,..Louga,0,,0.0,1.0,MLPMALCNMR,SNDHS2010444009,2010-11,DHS,,301.0,,,1.0
SEN,Matam,5754860,Number of children 6-59 months tested using RDT,142,0,SN,Senegal,2010,SN2010DHS,ML_PMAL_C_NMR,125136060.0,D,444017.0,1444130.0,Region,..Matam,0,,0.0,1.0,MLPMALCNMR,SNDHS2010444017,2010-11,DHS,,258.0,,,1.0
SEN,Ouest,3519864,Number of children 6-59 months tested using RDT,1217,0,SN,Senegal,2010,SN2010DHS,ML_PMAL_C_NMR,125136060.0,D,444001.0,1444200.0,Region,Ouest,0,,0.0,1.0,MLPMALCNMR,SNDHS2010444001,2010-11,DHS,,542.0,,,
SEN,Dakar,1611582,Number of children 6-59 months tested using RDT,765,0,SN,Senegal,2010,SN2010DHS,ML_PMAL_C_NMR,125136060.0,D,444002.0,1444210.0,Region,..Dakar,0,,0.0,1.0,MLPMALCNMR,SNDHS2010444002,2010-11,DHS,,259.0,,,1.0
SEN,Thiès,4294955,Number of children 6-59 months tested using RDT,452,0,SN,Senegal,2010,SN2010DHS,ML_PMAL_C_NMR,125136060.0,D,444003.0,1444220.0,Region,..Thiès,0,,0.0,1.0,MLPMALCNMR,SNDHS2010444003,2010-11,DHS,,283.0,,,1.0
SEN,Centre,1618198,Number of children 6-59 months tested using RDT,1485,0,SN,Senegal,2010,SN2010DHS,ML_PMAL_C_NMR,125136060.0,D,444004.0,1444300.0,Region,Centre,0,,0.0,1.0,MLPMALCNMR,SNDHS2010444004,2010-11,DHS,,1624.0,,,
SEN,Diourbel,6495967,Number of children 6-59 months tested using RDT,444,0,SN,Senegal,2010,SN2010DHS,ML_PMAL_C_NMR,125136060.0,D,444005.0,1444310.0,Region,..Diourbel,0,,0.0,1.0,MLPMALCNMR,SNDHS2010444005,2010-11,DHS,,322.0,,,1.0
SEN,Fatick,4956958,Number of children 6-59 months tested using RDT,244,0,SN,Senegal,2010,SN2010DHS,ML_PMAL_C_NMR,125136060.0,D,444010.0,1444315.0,Region,..Fatick,0,,0.0,1.0,MLPMALCNMR,SNDHS2010444010,2010-11,DHS,,316.0,,,1.0
SEN,Kaolack (2005),3399042,Number of children 6-59 months tested using RDT,523,0,SN,Senegal,2010,SN2010DHS,ML_PMAL_C_NMR,125136060.0,D,444006.0,1444320.0,Region,..Kaolack (2005),0,,0.0,1.0,MLPMALCNMR,SNDHS2010444006,2010-11,DHS,,685.0,,,
SEN,..Kaffrine,1611591,Number of children 6-59 months tested using RDT,187,0,SN,Senegal,2010,SN2010DHS,ML_PMAL_C_NMR,125136060.0,D,444007.0,1444330.0,Region,....Kaffrine,0,,0.0,1.0,MLPMALCNMR,SNDHS2010444007,2010-11,DHS,,300.0,,,1.0
SEN,..Kaolack (2010),6359351,Number of children 6-59 months tested using RDT,336,0,SN,Senegal,2010,SN2010DHS,ML_PMAL_C_NMR,125136060.0,D,444008.0,1444340.0,Region,....Kaolack (2010),0,,0.0,1.0,MLPMALCNMR,SNDHS2010444008,2010-11,DHS,,385.0,,,1.0
SEN,Sud,1618573,Number of children 6-59 months tested using RDT,472,0,SN,Senegal,2010,SN2010DHS,ML_PMAL_C_NMR,125136060.0,D,444011.0,1444400.0,Region,Sud,0,,0.0,1.0,MLPMALCNMR,SNDHS2010444011,2010-11,DHS,,811.0,,,
SEN,Ziguinchor,1755774,Number of children 6-59 months tested using RDT,110,0,SN,Senegal,2010,SN2010DHS,ML_PMAL_C_NMR,125136060.0,D,444012.0,1444410.0,Region,..Ziguinchor,0,,0.0,1.0,MLPMALCNMR,SNDHS2010444012,2010-11,DHS,,173.0,,,1.0
SEN,Kolda (2005),3562318,Number of children 6-59 months tested using RDT,361,0,SN,Senegal,2010,SN2010DHS,ML_PMAL_C_NMR,125136060.0,D,444013.0,1444420.0,Region,..Kolda (2005),0,,0.0,1.0,MLPMALCNMR,SNDHS2010444013,2010-11,DHS,,638.0,,,
SEN,..Sédhiou,1611581,Number of children 6-59 months tested using RDT,133,0,SN,Senegal,2010,SN2010DHS,ML_PMAL_C_NMR,125136060.0,D,444014.0,1444430.0,Region,....Sédhiou,0,,0.0,1.0,MLPMALCNMR,SNDHS2010444014,2010-11,DHS,,293.0,,,1.0
SEN,..Kolda (2010),6423698,Number of children 6-59 months tested using RDT,228,0,SN,Senegal,2010,SN2010DHS,ML_PMAL_C_NMR,125136060.0,D,444015.0,1444440.0,Region,....Kolda (2010),0,,0.0,1.0,MLPMALCNMR,SNDHS2010444015,2010-11,DHS,,345.0,,,1.0
SEN,Tambacounda (2005),1611576,Number of children 6-59 months tested using RDT,238,0,SN,Senegal,2010,SN2010DHS,ML_PMAL_C_NMR,125136060.0,D,444019.0,1444480.0,Region,..Tambacounda (2005),0,,0.0,1.0,MLPMALCNMR,SNDHS2010444019,2010-11,DHS,,422.0,,,
SEN,..Kédougou,3688954,Number of children 6-59 months tested using RDT,30,0,SN,Senegal,2010,SN2010DHS,ML_PMAL_C_NMR,125136060.0,D,444020.0,1444490.0,Region,....Kédougou,0,,0.0,1.0,MLPMALCNMR,SNDHS2010444020,2010-11,DHS,,127.0,,,1.0
SEN,..Tambacounda (2010),1618580,Number of children 6-59 months tested using RDT,208,0,SN,Senegal,2010,SN2010DHS,ML_PMAL_C_NMR,125136060.0,D,444021.0,1444500.0,Region,....Tambacounda (2010),0,,0.0,1.0,MLPMALCNMR,SNDHS2010444021,2010-11,DHS,,295.0,,,1.0
SEN,Nord et Est,3209943,Number of children 6-59 months tested using RDT (unweighted),910,0,SN,Senegal,2010,SN2010DHS,ML_PMAL_C_UNR,125136070.0,U,444016.0,1444100.0,Region,Nord et Est,0,,0.0,1.0,MLPMALCUNR,SNDHS2010444016,2010-11,DHS,605.0,,,,
SEN,Saint Louis,1693514,Number of children 6-59 months tested using RDT (unweighted),230,0,SN,Senegal,2010,SN2010DHS,ML_PMAL_C_UNR,125136070.0,U,444018.0,1444110.0,Region,..Saint Louis,0,,0.0,1.0,MLPMALCUNR,SNDHS2010444018,2010-11,DHS,225.0,,,,1.0
SEN,Louga,3820218,Number of children 6-59 months tested using RDT (unweighted),301,0,SN,Senegal,2010,SN2010DHS,ML_PMAL_C_UNR,125136070.0,U,444009.0,1444120.0,Region,..Louga,0,,0.0,1.0,MLPMALCUNR,SNDHS2010444009,2010-11,DHS,274.0,,,,1.0
SEN,Matam,2274793,Number of children 6-59 months tested using RDT (unweighted),258,0,SN,Senegal,2010,SN2010DHS,ML_PMAL_C_UNR,125136070.0,U,444017.0,1444130.0,Region,..Matam,0,,0.0,1.0,MLPMALCUNR,SNDHS2010444017,2010-11,DHS,142.0,,,,1.0
SEN,Ouest,2685925,Number of children 6-59 months tested using RDT (unweighted),542,0,SN,Senegal,2010,SN2010DHS,ML_PMAL_C_UNR,125136070.0,U,444001.0,1444200.0,Region,Ouest,0,,0.0,1.0,MLPMALCUNR,SNDHS2010444001,2010-11,DHS,1217.0,,,,
SEN,Dakar,1611615,Number of children 6-59 months tested using RDT (unweighted),259,0,SN,Senegal,2010,SN2010DHS,ML_PMAL_C_UNR,125136070.0,U,444002.0,1444210.0,Region,..Dakar,0,,0.0,1.0,MLPMALCUNR,SNDHS2010444002,2010-11,DHS,765.0,,,,1.0
SEN,Thiès,2599192,Number of children 6-59 months tested using RDT (unweighted),283,0,SN,Senegal,2010,SN2010DHS,ML_PMAL_C_UNR,125136070.0,U,444003.0,1444220.0,Region,..Thiès,0,,0.0,1.0,MLPMALCUNR,SNDHS2010444003,2010-11,DHS,452.0,,,,1.0
SEN,Centre,1618270,Number of children 6-59 months tested using RDT (unweighted),1624,0,SN,Senegal,2010,SN2010DHS,ML_PMAL_C_UNR,125136070.0,U,444004.0,1444300.0,Region,Centre,0,,0.0,1.0,MLPMALCUNR,SNDHS2010444004,2010-11,DHS,1485.0,,,,
SEN,Diourbel,2241755,Number of children 6-59 months tested using RDT (unweighted),322,0,SN,Senegal,2010,SN2010DHS,ML_PMAL_C_UNR,125136070.0,U,444005.0,1444310.0,Region,..Diourbel,0,,0.0,1.0,MLPMALCUNR,SNDHS2010444005,2010-11,DHS,444.0,,,,1.0
SEN,Fatick,2515233,Number of children 6-59 months tested using RDT (unweighted),316,0,SN,Senegal,2010,SN2010DHS,ML_PMAL_C_UNR,125136070.0,U,444010.0,1444315.0,Region,..Fatick,0,,0.0,1.0,MLPMALCUNR,SNDHS2010444010,2010-11,DHS,244.0,,,,1.0
SEN,Kaolack (2005),3277619,Number of children 6-59 months tested using RDT (unweighted),685,0,SN,Senegal,2010,SN2010DHS,ML_PMAL_C_UNR,125136070.0,U,444006.0,1444320.0,Region,..Kaolack (2005),0,,0.0,1.0,MLPMALCUNR,SNDHS2010444006,2010-11,DHS,523.0,,,,
SEN,..Kaffrine,1945951,Number of children 6-59 months tested using RDT (unweighted),300,0,SN,Senegal,2010,SN2010DHS,ML_PMAL_C_UNR,125136070.0,U,444007.0,1444330.0,Region,....Kaffrine,0,,0.0,1.0,MLPMALCUNR,SNDHS2010444007,2010-11,DHS,187.0,,,,1.0
SEN,..Kaolack (2010),2381590,Number of children 6-59 months tested using RDT (unweighted),385,0,SN,Senegal,2010,SN2010DHS,ML_PMAL_C_UNR,125136070.0,U,444008.0,1444340.0,Region,....Kaolack (2010),0,,0.0,1.0,MLPMALCUNR,SNDHS2010444008,2010-11,DHS,336.0,,,,1.0
SEN,Sud,1618708,Number of children 6-59 months tested using RDT (unweighted),811,0,SN,Senegal,2010,SN2010DHS,ML_PMAL_C_UNR,125136070.0,U,444011.0,1444400.0,Region,Sud,0,,0.0,1.0,MLPMALCUNR,SNDHS2010444011,2010-11,DHS,472.0,,,,
SEN,Ziguinchor,4353845,Number of children 6-59 months tested using RDT (unweighted),173,0,SN,Senegal,2010,SN2010DHS,ML_PMAL_C_UNR,125136070.0,U,444012.0,1444410.0,Region,..Ziguinchor,0,,0.0,1.0,MLPMALCUNR,SNDHS2010444012,2010-11,DHS,110.0,,,,1.0
SEN,Kolda (2005),1823215,Number of children 6-59 months tested using RDT (unweighted),638,0,SN,Senegal,2010,SN2010DHS,ML_PMAL_C_UNR,125136070.0,U,444013.0,1444420.0,Region,..Kolda (2005),0,,0.0,1.0,MLPMALCUNR,SNDHS2010444013,2010-11,DHS,361.0,,,,
SEN,..Sédhiou,1611810,Number of children 6-59 months tested using RDT (unweighted),293,0,SN,Senegal,2010,SN2010DHS,ML_PMAL_C_UNR,125136070.0,U,444014.0,1444430.0,Region,....Sédhiou,0,,0.0,1.0,MLPMALCUNR,SNDHS2010444014,2010-11,DHS,133.0,,,,1.0
SEN,..Kolda (2010),6655721,Number of children 6-59 months tested using RDT (unweighted),345,0,SN,Senegal,2010,SN2010DHS,ML_PMAL_C_UNR,125136070.0,U,444015.0,1444440.0,Region,....Kolda (2010),0,,0.0,1.0,MLPMALCUNR,SNDHS2010444015,2010-11,DHS,228.0,,,,1.0
SEN,Tambacounda (2005),1611666,Number of children 6-59 months tested using RDT (unweighted),422,0,SN,Senegal,2010,SN2010DHS,ML_PMAL_C_UNR,125136070.0,U,444019.0,1444480.0,Region,..Tambacounda (2005),0,,0.0,1.0,MLPMALCUNR,SNDHS2010444019,2010-11,DHS,238.0,,,,
SEN,..Kédougou,2165048,Number of children 6-59 months tested using RDT (unweighted),127,0,SN,Senegal,2010,SN2010DHS,ML_PMAL_C_UNR,125136070.0,U,444020.0,1444490.0,Region,....Kédougou,0,,0.0,1.0,MLPMALCUNR,SNDHS2010444020,2010-11,DHS,30.0,,,,1.0
SEN,..Tambacounda (2010),1618735,Number of children 6-59 months tested using RDT (unweighted),295,0,SN,Senegal,2010,SN2010DHS,ML_PMAL_C_UNR,125136070.0,U,444021.0,1444500.0,Region,....Tambacounda (2010),0,,0.0,1.0,MLPMALCUNR,SNDHS2010444021,2010-11,DHS,208.0,,,,1.0
SEN,Nord et Est,7289447,Malaria prevalence according to microscopy,3.2,1,SN,Senegal,2010,SN2010DHS,ML_PMAL_C_MSY,125136110.0,I,444016.0,1444100.0,Region,Nord et Est,0,,0.0,1.0,MLPMALCMSY,SNDHS2010444016,2010-11,DHS,604.0,905.0,1.4,5.0,
SEN,Saint Louis,1605564,Malaria prevalence according to microscopy,0,1,SN,Senegal,2010,SN2010DHS,ML_PMAL_C_MSY,125136110.0,I,444018.0,1444110.0,Region,..Saint Louis,0,,0.0,1.0,MLPMALCMSY,SNDHS2010444018,2010-11,DHS,224.0,228.0,0.0,0.0,1.0
SEN,Louga,7497858,Malaria prevalence according to microscopy,0.7,1,SN,Senegal,2010,SN2010DHS,ML_PMAL_C_MSY,125136110.0,I,444009.0,1444120.0,Region,..Louga,0,,0.0,1.0,MLPMALCMSY,SNDHS2010444009,2010-11,DHS,273.0,300.0,0.0,1.6,1.0
SEN,Matam,7286636,Malaria prevalence according to microscopy,0.9,1,SN,Senegal,2010,SN2010DHS,ML_PMAL_C_MSY,125136110.0,I,444017.0,1444130.0,Region,..Matam,0,,0.0,1.0,MLPMALCMSY,SNDHS2010444017,2010-11,DHS,142.0,257.0,0.0,2.2,1.0
SEN,Ouest,7504003,Malaria prevalence according to microscopy,1.2,1,SN,Senegal,2010,SN2010DHS,ML_PMAL_C_MSY,125136110.0,I,444001.0,1444200.0,Region,Ouest,0,,0.0,1.0,MLPMALCMSY,SNDHS2010444001,2010-11,DHS,1209.0,539.0,0.0,2.7,
SEN,Dakar,7223316,Malaria prevalence according to microscopy,1.5,1,SN,Senegal,2010,SN2010DHS,ML_PMAL_C_MSY,125136110.0,I,444002.0,1444210.0,Region,..Dakar,0,,0.0,1.0,MLPMALCMSY,SNDHS2010444002,2010-11,DHS,761.0,258.0,0.0,3.8,1.0
SEN,Thiès,7052279,Malaria prevalence according to microscopy,0.7,1,SN,Senegal,2010,SN2010DHS,ML_PMAL_C_MSY,125136110.0,I,444003.0,1444220.0,Region,..Thiès,0,,0.0,1.0,MLPMALCMSY,SNDHS2010444003,2010-11,DHS,448.0,281.0,0.0,2.0,1.0
SEN,Centre,7282276,Malaria prevalence according to microscopy,3,1,SN,Senegal,2010,SN2010DHS,ML_PMAL_C_MSY,125136110.0,I,444004.0,1444300.0,Region,Centre,0,,0.0,1.0,MLPMALCMSY,SNDHS2010444004,2010-11,DHS,1477.0,1615.0,1.9,4.0,
SEN,Diourbel,7414119,Malaria prevalence according to microscopy,2.6,1,SN,Senegal,2010,SN2010DHS,ML_PMAL_C_MSY,125136110.0,I,444005.0,1444310.0,Region,..Diourbel,0,,0.0,1.0,MLPMALCMSY,SNDHS2010444005,2010-11,DHS,441.0,319.0,0.3,5.0,1.0
SEN,Fatick,3455223,Malaria prevalence according to microscopy,2.7,1,SN,Senegal,2010,SN2010DHS,ML_PMAL_C_MSY,125136110.0,I,444010.0,1444315.0,Region,..Fatick,0,,0.0,1.0,MLPMALCMSY,SNDHS2010444010,2010-11,DHS,242.0,314.0,0.0,5.6,1.0
SEN,Kaolack (2005),7406826,Malaria prevalence according to microscopy,4.6,1,SN,Senegal,2010,SN2010DHS,ML_PMAL_C_MSY,125136110.0,I,444006.0,1444320.0,Region,..Kaolack (2005),0,,0.0,1.0,MLPMALCMSY,SNDHS2010444006,2010-11,DHS,521.0,682.0,2.7,6.4,
SEN,..Kaffrine,7384336,Malaria prevalence according to microscopy,5.6,1,SN,Senegal,2010,SN2010DHS,ML_PMAL_C_MSY,125136110.0,I,444007.0,1444330.0,Region,....Kaffrine,0,,0.0,1.0,MLPMALCMSY,SNDHS2010444007,2010-11,DHS,186.0,298.0,2.4,8.8,1.0
SEN,..Kaolack (2010),1706161,Malaria prevalence according to microscopy,4,1,SN,Senegal,2010,SN2010DHS,ML_PMAL_C_MSY,125136110.0,I,444008.0,1444340.0,Region,....Kaolack (2010),0,,0.0,1.0,MLPMALCMSY,SNDHS2010444008,2010-11,DHS,335.0,384.0,1.7,6.3,1.0
SEN,Sud,1620973,Malaria prevalence according to microscopy,6.3,1,SN,Senegal,2010,SN2010DHS,ML_PMAL_C_MSY,125136110.0,I,444011.0,1444400.0,Region,Sud,0,,0.0,1.0,MLPMALCMSY,SNDHS2010444011,2010-11,DHS,470.0,808.0,2.2,10.5,
SEN,Ziguinchor,7356764,Malaria prevalence according to microscopy,2,1,SN,Senegal,2010,SN2010DHS,ML_PMAL_C_MSY,125136110.0,I,444012.0,1444410.0,Region,..Ziguinchor,0,,0.0,1.0,MLPMALCMSY,SNDHS2010444012,2010-11,DHS,110.0,172.0,0.1,4.0,1.0
SEN,Kolda (2005),7066063,Malaria prevalence according to microscopy,7.7,1,SN,Senegal,2010,SN2010DHS,ML_PMAL_C_MSY,125136110.0,I,444013.0,1444420.0,Region,..Kolda (2005),0,,0.0,1.0,MLPMALCMSY,SNDHS2010444013,2010-11,DHS,361.0,636.0,2.3,13.0,
SEN,..Sédhiou,7358594,Malaria prevalence according to microscopy,0.3,1,SN,Senegal,2010,SN2010DHS,ML_PMAL_C_MSY,125136110.0,I,444014.0,1444430.0,Region,....Sédhiou,0,,0.0,1.0,MLPMALCMSY,SNDHS2010444014,2010-11,DHS,132.0,291.0,0.0,0.8,1.0
SEN,..Kolda (2010),3345961,Malaria prevalence according to microscopy,11.9,1,SN,Senegal,2010,SN2010DHS,ML_PMAL_C_MSY,125136110.0,I,444015.0,1444440.0,Region,....Kolda (2010),0,,0.0,1.0,MLPMALCMSY,SNDHS2010444015,2010-11,DHS,228.0,345.0,3.9,20.0,1.0
SEN,Tambacounda (2005),7313675,Malaria prevalence according to microscopy,7.5,1,SN,Senegal,2010,SN2010DHS,ML_PMAL_C_MSY,125136110.0,I,444019.0,1444480.0,Region,..Tambacounda (2005),0,,0.0,1.0,MLPMALCMSY,SNDHS2010444019,2010-11,DHS,239.0,420.0,2.8,12.1,
SEN,..Kédougou,7519683,Malaria prevalence according to microscopy,13.5,1,SN,Senegal,2010,SN2010DHS,ML_PMAL_C_MSY,125136110.0,I,444020.0,1444490.0,Region,....Kédougou,0,,0.0,1.0,MLPMALCMSY,SNDHS2010444020,2010-11,DHS,29.0,124.0,7.2,19.8,1.0
SEN,..Tambacounda (2010),7565821,Malaria prevalence according to microscopy,6.7,1,SN,Senegal,2010,SN2010DHS,ML_PMAL_C_MSY,125136110.0,I,444021.0,1444500.0,Region,....Tambacounda (2010),0,,0.0,1.0,MLPMALCMSY,SNDHS2010444021,2010-11,DHS,210.0,296.0,1.6,11.7,1.0
SEN,Nord et Est,6960402,Number of children 6-59 months tested using microscopy,604,0,SN,Senegal,2010,SN2010DHS,ML_PMAL_C_NMM,125136160.0,D,444016.0,1444100.0,Region,Nord et Est,0,,0.0,1.0,MLPMALCNMM,SNDHS2010444016,2010-11,DHS,,905.0,,,
SEN,Saint Louis,1605616,Number of children 6-59 months tested using microscopy,224,0,SN,Senegal,2010,SN2010DHS,ML_PMAL_C_NMM,125136160.0,D,444018.0,1444110.0,Region,..Saint Louis,0,,0.0,1.0,MLPMALCNMM,SNDHS2010444018,2010-11,DHS,,228.0,,,1.0
SEN,Louga,1618280,Number of children 6-59 months tested using microscopy,273,0,SN,Senegal,2010,SN2010DHS,ML_PMAL_C_NMM,125136160.0,D,444009.0,1444120.0,Region,..Louga,0,,0.0,1.0,MLPMALCNMM,SNDHS2010444009,2010-11,DHS,,300.0,,,1.0
SEN,Matam,4607666,Number of children 6-59 months tested using microscopy,142,0,SN,Senegal,2010,SN2010DHS,ML_PMAL_C_NMM,125136160.0,D,444017.0,1444130.0,Region,..Matam,0,,0.0,1.0,MLPMALCNMM,SNDHS2010444017,2010-11,DHS,,257.0,,,1.0
SEN,Ouest,6225314,Number of children 6-59 months tested using microscopy,1209,0,SN,Senegal,2010,SN2010DHS,ML_PMAL_C_NMM,125136160.0,D,444001.0,1444200.0,Region,Ouest,0,,0.0,1.0,MLPMALCNMM,SNDHS2010444001,2010-11,DHS,,539.0,,,
SEN,Dakar,1611677,Number of children 6-59 months tested using microscopy,761,0,SN,Senegal,2010,SN2010DHS,ML_PMAL_C_NMM,125136160.0,D,444002.0,1444210.0,Region,..Dakar,0,,0.0,1.0,MLPMALCNMM,SNDHS2010444002,2010-11,DHS,,258.0,,,1.0
SEN,Thiès,7053360,Number of children 6-59 months tested using microscopy,448,0,SN,Senegal,2010,SN2010DHS,ML_PMAL_C_NMM,125136160.0,D,444003.0,1444220.0,Region,..Thiès,0,,0.0,1.0,MLPMALCNMM,SNDHS2010444003,2010-11,DHS,,281.0,,,1.0
SEN,Centre,1624975,Number of children 6-59 months tested using microscopy,1477,0,SN,Senegal,2010,SN2010DHS,ML_PMAL_C_NMM,125136160.0,D,444004.0,1444300.0,Region,Centre,0,,0.0,1.0,MLPMALCNMM,SNDHS2010444004,2010-11,DHS,,1615.0,,,
SEN,Diourbel,5479816,Number of children 6-59 months tested using microscopy,441,0,SN,Senegal,2010,SN2010DHS,ML_PMAL_C_NMM,125136160.0,D,444005.0,1444310.0,Region,..Diourbel,0,,0.0,1.0,MLPMALCNMM,SNDHS2010444005,2010-11,DHS,,319.0,,,1.0
SEN,Fatick,3539787,Number of children 6-59 months tested using microscopy,242,0,SN,Senegal,2010,SN2010DHS,ML_PMAL_C_NMM,125136160.0,D,444010.0,1444315.0,Region,..Fatick,0,,0.0,1.0,MLPMALCNMM,SNDHS2010444010,2010-11,DHS,,314.0,,,1.0
SEN,Kaolack (2005),7006480,Number of children 6-59 months tested using microscopy,521,0,SN,Senegal,2010,SN2010DHS,ML_PMAL_C_NMM,125136160.0,D,444006.0,1444320.0,Region,..Kaolack (2005),0,,0.0,1.0,MLPMALCNMM,SNDHS2010444006,2010-11,DHS,,682.0,,,
SEN,..Kaffrine,5754901,Number of children 6-59 months tested using microscopy,186,0,SN,Senegal,2010,SN2010DHS,ML_PMAL_C_NMM,125136160.0,D,444007.0,1444330.0,Region,....Kaffrine,0,,0.0,1.0,MLPMALCNMM,SNDHS2010444007,2010-11,DHS,,298.0,,,1.0
SEN,..Kaolack (2010),1618731,Number of children 6-59 months tested using microscopy,335,0,SN,Senegal,2010,SN2010DHS,ML_PMAL_C_NMM,125136160.0,D,444008.0,1444340.0,Region,....Kaolack (2010),0,,0.0,1.0,MLPMALCNMM,SNDHS2010444008,2010-11,DHS,,384.0,,,1.0
SEN,Sud,1618732,Number of children 6-59 months tested using microscopy,470,0,SN,Senegal,2010,SN2010DHS,ML_PMAL_C_NMM,125136160.0,D,444011.0,1444400.0,Region,Sud,0,,0.0,1.0,MLPMALCNMM,SNDHS2010444011,2010-11,DHS,,808.0,,,
SEN,Ziguinchor,5319779,Number of children 6-59 months tested using microscopy,110,0,SN,Senegal,2010,SN2010DHS,ML_PMAL_C_NMM,125136160.0,D,444012.0,1444410.0,Region,..Ziguinchor,0,,0.0,1.0,MLPMALCNMM,SNDHS2010444012,2010-11,DHS,,172.0,,,1.0
SEN,Kolda (2005),7092017,Number of children 6-59 months tested using microscopy,361,0,SN,Senegal,2010,SN2010DHS,ML_PMAL_C_NMM,125136160.0,D,444013.0,1444420.0,Region,..Kolda (2005),0,,0.0,1.0,MLPMALCNMM,SNDHS2010444013,2010-11,DHS,,636.0,,,
SEN,..Sédhiou,4690069,Number of children 6-59 months tested using microscopy,132,0,SN,Senegal,2010,SN2010DHS,ML_PMAL_C_NMM,125136160.0,D,444014.0,1444430.0,Region,....Sédhiou,0,,0.0,1.0,MLPMALCNMM,SNDHS2010444014,2010-11,DHS,,291.0,,,1.0
SEN,..Kolda (2010),3348595,Number of children 6-59 months tested using microscopy,228,0,SN,Senegal,2010,SN2010DHS,ML_PMAL_C_NMM,125136160.0,D,444015.0,1444440.0,Region,....Kolda (2010),0,,0.0,1.0,MLPMALCNMM,SNDHS2010444015,2010-11,DHS,,345.0,,,1.0
SEN,Tambacounda (2005),6667404,Number of children 6-59 months tested using microscopy,239,0,SN,Senegal,2010,SN2010DHS,ML_PMAL_C_NMM,125136160.0,D,444019.0,1444480.0,Region,..Tambacounda (2005),0,,0.0,1.0,MLPMALCNMM,SNDHS2010444019,2010-11,DHS,,420.0,,,
SEN,..Kédougou,1611685,Number of children 6-59 months tested using microscopy,29,0,SN,Senegal,2010,SN2010DHS,ML_PMAL_C_NMM,125136160.0,D,444020.0,1444490.0,Region,....Kédougou,0,,0.0,1.0,MLPMALCNMM,SNDHS2010444020,2010-11,DHS,,124.0,,,1.0
SEN,..Tambacounda (2010),4427579,Number of children 6-59 months tested using microscopy,210,0,SN,Senegal,2010,SN2010DHS,ML_PMAL_C_NMM,125136160.0,D,444021.0,1444500.0,Region,....Tambacounda (2010),0,,0.0,1.0,MLPMALCNMM,SNDHS2010444021,2010-11,DHS,,296.0,,,1.0
SEN,Nord et Est,2709757,Number of children 6-59 months tested using microscopy (unweighted),905,0,SN,Senegal,2010,SN2010DHS,ML_PMAL_C_UNM,125136170.0,U,444016.0,1444100.0,Region,Nord et Est,0,,0.0,1.0,MLPMALCUNM,SNDHS2010444016,2010-11,DHS,604.0,,,,
SEN,Saint Louis,1632491,Number of children 6-59 months tested using microscopy (unweighted),228,0,SN,Senegal,2010,SN2010DHS,ML_PMAL_C_UNM,125136170.0,U,444018.0,1444110.0,Region,..Saint Louis,0,,0.0,1.0,MLPMALCUNM,SNDHS2010444018,2010-11,DHS,224.0,,,,1.0
SEN,Louga,3819997,Number of children 6-59 months tested using microscopy (unweighted),300,0,SN,Senegal,2010,SN2010DHS,ML_PMAL_C_UNM,125136170.0,U,444009.0,1444120.0,Region,..Louga,0,,0.0,1.0,MLPMALCUNM,SNDHS2010444009,2010-11,DHS,273.0,,,,1.0
SEN,Matam,2388934,Number of children 6-59 months tested using microscopy (unweighted),257,0,SN,Senegal,2010,SN2010DHS,ML_PMAL_C_UNM,125136170.0,U,444017.0,1444130.0,Region,..Matam,0,,0.0,1.0,MLPMALCUNM,SNDHS2010444017,2010-11,DHS,142.0,,,,1.0
SEN,Ouest,1605655,Number of children 6-59 months tested using microscopy (unweighted),539,0,SN,Senegal,2010,SN2010DHS,ML_PMAL_C_UNM,125136170.0,U,444001.0,1444200.0,Region,Ouest,0,,0.0,1.0,MLPMALCUNM,SNDHS2010444001,2010-11,DHS,1209.0,,,,
SEN,Dakar,1611759,Number of children 6-59 months tested using microscopy (unweighted),258,0,SN,Senegal,2010,SN2010DHS,ML_PMAL_C_UNM,125136170.0,U,444002.0,1444210.0,Region,..Dakar,0,,0.0,1.0,MLPMALCUNM,SNDHS2010444002,2010-11,DHS,761.0,,,,1.0
SEN,Thiès,1882640,Number of children 6-59 months tested using microscopy (unweighted),281,0,SN,Senegal,2010,SN2010DHS,ML_PMAL_C_UNM,125136170.0,U,444003.0,1444220.0,Region,..Thiès,0,,0.0,1.0,MLPMALCUNM,SNDHS2010444003,2010-11,DHS,448.0,,,,1.0
SEN,Centre,2909587,Number of children 6-59 months tested using microscopy (unweighted),1615,0,SN,Senegal,2010,SN2010DHS,ML_PMAL_C_UNM,125136170.0,U,444004.0,1444300.0,Region,Centre,0,,0.0,1.0,MLPMALCUNM,SNDHS2010444004,2010-11,DHS,1477.0,,,,
SEN,Diourbel,2296275,Number of children 6-59 months tested using microscopy (unweighted),319,0,SN,Senegal,2010,SN2010DHS,ML_PMAL_C_UNM,125136170.0,U,444005.0,1444310.0,Region,..Diourbel,0,,0.0,1.0,MLPMALCUNM,SNDHS2010444005,2010-11,DHS,441.0,,,,1.0
SEN,Fatick,2700338,Number of children 6-59 months tested using microscopy (unweighted),314,0,SN,Senegal,2010,SN2010DHS,ML_PMAL_C_UNM,125136170.0,U,444010.0,1444315.0,Region,..Fatick,0,,0.0,1.0,MLPMALCUNM,SNDHS2010444010,2010-11,DHS,242.0,,,,1.0
SEN,Kaolack (2005),1625393,Number of children 6-59 months tested using microscopy (unweighted),682,0,SN,Senegal,2010,SN2010DHS,ML_PMAL_C_UNM,125136170.0,U,444006.0,1444320.0,Region,..Kaolack (2005),0,,0.0,1.0,MLPMALCUNM,SNDHS2010444006,2010-11,DHS,521.0,,,,
SEN,..Kaffrine,2274815,Number of children 6-59 months tested using microscopy (unweighted),298,0,SN,Senegal,2010,SN2010DHS,ML_PMAL_C_UNM,125136170.0,U,444007.0,1444330.0,Region,....Kaffrine,0,,0.0,1.0,MLPMALCUNM,SNDHS2010444007,2010-11,DHS,186.0,,,,1.0
SEN,..Kaolack (2010),1706457,Number of children 6-59 months tested using microscopy (unweighted),384,0,SN,Senegal,2010,SN2010DHS,ML_PMAL_C_UNM,125136170.0,U,444008.0,1444340.0,Region,....Kaolack (2010),0,,0.0,1.0,MLPMALCUNM,SNDHS2010444008,2010-11,DHS,335.0,,,,1.0
SEN,Sud,1624497,Number of children 6-59 months tested using microscopy (unweighted),808,0,SN,Senegal,2010,SN2010DHS,ML_PMAL_C_UNM,125136170.0,U,444011.0,1444400.0,Region,Sud,0,,0.0,1.0,MLPMALCUNM,SNDHS2010444011,2010-11,DHS,470.0,,,,
SEN,Ziguinchor,4244204,Number of children 6-59 months tested using microscopy (unweighted),172,0,SN,Senegal,2010,SN2010DHS,ML_PMAL_C_UNM,125136170.0,U,444012.0,1444410.0,Region,..Ziguinchor,0,,0.0,1.0,MLPMALCUNM,SNDHS2010444012,2010-11,DHS,110.0,,,,1.0
SEN,Kolda (2005),2887627,Number of children 6-59 months tested using microscopy (unweighted),636,0,SN,Senegal,2010,SN2010DHS,ML_PMAL_C_UNM,125136170.0,U,444013.0,1444420.0,Region,..Kolda (2005),0,,0.0,1.0,MLPMALCUNM,SNDHS2010444013,2010-11,DHS,361.0,,,,
SEN,..Sédhiou,1639159,Number of children 6-59 months tested using microscopy (unweighted),291,0,SN,Senegal,2010,SN2010DHS,ML_PMAL_C_UNM,125136170.0,U,444014.0,1444430.0,Region,....Sédhiou,0,,0.0,1.0,MLPMALCUNM,SNDHS2010444014,2010-11,DHS,132.0,,,,1.0
SEN,..Kolda (2010),6686570,Number of children 6-59 months tested using microscopy (unweighted),345,0,SN,Senegal,2010,SN2010DHS,ML_PMAL_C_UNM,125136170.0,U,444015.0,1444440.0,Region,....Kolda (2010),0,,0.0,1.0,MLPMALCUNM,SNDHS2010444015,2010-11,DHS,228.0,,,,1.0
SEN,Tambacounda (2005),1639151,Number of children 6-59 months tested using microscopy (unweighted),420,0,SN,Senegal,2010,SN2010DHS,ML_PMAL_C_UNM,125136170.0,U,444019.0,1444480.0,Region,..Tambacounda (2005),0,,0.0,1.0,MLPMALCUNM,SNDHS2010444019,2010-11,DHS,239.0,,,,
SEN,..Kédougou,1639164,Number of children 6-59 months tested using microscopy (unweighted),124,0,SN,Senegal,2010,SN2010DHS,ML_PMAL_C_UNM,125136170.0,U,444020.0,1444490.0,Region,....Kédougou,0,,0.0,1.0,MLPMALCUNM,SNDHS2010444020,2010-11,DHS,29.0,,,,1.0
SEN,..Tambacounda (2010),1624507,Number of children 6-59 months tested using microscopy (unweighted),296,0,SN,Senegal,2010,SN2010DHS,ML_PMAL_C_UNM,125136170.0,U,444021.0,1444500.0,Region,....Tambacounda (2010),0,,0.0,1.0,MLPMALCUNM,SNDHS2010444021,2010-11,DHS,210.0,,,,1.0
SEN,Nord (>2010),7385520,Malaria prevalence according to RDT,0.1,1,SN,Senegal,2012,SN2012DHS,ML_PMAL_C_RDT,125136010.0,I,444023.0,1444102.0,Region,Nord (>2010),0,,0.0,1.0,MLPMALCRDT,SNDHS2012444023,2012-13,DHS,1086.0,1260.0,0.0,0.3,1.0
SEN,Ouest,7215293,Malaria prevalence according to RDT,1.4,1,SN,Senegal,2012,SN2012DHS,ML_PMAL_C_RDT,125136010.0,I,444001.0,1444200.0,Region,Ouest,0,,0.0,1.0,MLPMALCRDT,SNDHS2012444001,2012-13,DHS,1612.0,825.0,0.0,3.0,1.0
SEN,Centre (>2010),3666881,Malaria prevalence according to RDT,3,1,SN,Senegal,2012,SN2012DHS,ML_PMAL_C_RDT,125136010.0,I,444022.0,1444302.0,Region,Centre (>2010),0,,0.0,1.0,MLPMALCRDT,SNDHS2012444022,2012-13,DHS,1685.0,2093.0,1.4,4.7,1.0
SEN,Sud (>2010),7408326,Malaria prevalence according to RDT,10.3,1,SN,Senegal,2012,SN2012DHS,ML_PMAL_C_RDT,125136010.0,I,444024.0,1444402.0,Region,Sud (>2010),0,,0.0,1.0,MLPMALCRDT,SNDHS2012444024,2012-13,DHS,1012.0,1793.0,6.1,14.5,1.0
SEN,Nord (>2010),7114127,Number of children 6-59 months tested using RDT,1086,0,SN,Senegal,2012,SN2012DHS,ML_PMAL_C_NMR,125136060.0,D,444023.0,1444102.0,Region,Nord (>2010),0,,0.0,1.0,MLPMALCNMR,SNDHS2012444023,2012-13,DHS,,1260.0,,,1.0
SEN,Ouest,1618874,Number of children 6-59 months tested using RDT,1612,0,SN,Senegal,2012,SN2012DHS,ML_PMAL_C_NMR,125136060.0,D,444001.0,1444200.0,Region,Ouest,0,,0.0,1.0,MLPMALCNMR,SNDHS2012444001,2012-13,DHS,,825.0,,,1.0
SEN,Centre (>2010),3691353,Number of children 6-59 months tested using RDT,1685,0,SN,Senegal,2012,SN2012DHS,ML_PMAL_C_NMR,125136060.0,D,444022.0,1444302.0,Region,Centre (>2010),0,,0.0,1.0,MLPMALCNMR,SNDHS2012444022,2012-13,DHS,,2093.0,,,1.0
SEN,Sud (>2010),6410922,Number of children 6-59 months tested using RDT,1012,0,SN,Senegal,2012,SN2012DHS,ML_PMAL_C_NMR,125136060.0,D,444024.0,1444402.0,Region,Sud (>2010),0,,0.0,1.0,MLPMALCNMR,SNDHS2012444024,2012-13,DHS,,1793.0,,,1.0
SEN,Nord (>2010),7114351,Number of children 6-59 months tested using RDT (unweighted),1260,0,SN,Senegal,2012,SN2012DHS,ML_PMAL_C_UNR,125136070.0,U,444023.0,1444102.0,Region,Nord (>2010),0,,0.0,1.0,MLPMALCUNR,SNDHS2012444023,2012-13,DHS,1086.0,,,,1.0
SEN,Ouest,1618880,Number of children 6-59 months tested using RDT (unweighted),825,0,SN,Senegal,2012,SN2012DHS,ML_PMAL_C_UNR,125136070.0,U,444001.0,1444200.0,Region,Ouest,0,,0.0,1.0,MLPMALCUNR,SNDHS2012444001,2012-13,DHS,1612.0,,,,1.0
SEN,Centre (>2010),1804999,Number of children 6-59 months tested using RDT (unweighted),2093,0,SN,Senegal,2012,SN2012DHS,ML_PMAL_C_UNR,125136070.0,U,444022.0,1444302.0,Region,Centre (>2010),0,,0.0,1.0,MLPMALCUNR,SNDHS2012444022,2012-13,DHS,1685.0,,,,1.0
SEN,Sud (>2010),1936443,Number of children 6-59 months tested using RDT (unweighted),1793,0,SN,Senegal,2012,SN2012DHS,ML_PMAL_C_UNR,125136070.0,U,444024.0,1444402.0,Region,Sud (>2010),0,,0.0,1.0,MLPMALCUNR,SNDHS2012444024,2012-13,DHS,1012.0,,,,1.0
SEN,Nord (>2010),7333183,Malaria prevalence according to microscopy,0.7,1,SN,Senegal,2012,SN2012DHS,ML_PMAL_C_MSY,125136110.0,I,444023.0,1444102.0,Region,Nord (>2010),0,,0.0,1.0,MLPMALCMSY,SNDHS2012444023,2012-13,DHS,1089.0,1265.0,0.0,1.8,1.0
SEN,Ouest,7408986,Malaria prevalence according to microscopy,0.6,1,SN,Senegal,2012,SN2012DHS,ML_PMAL_C_MSY,125136110.0,I,444001.0,1444200.0,Region,Ouest,0,,0.0,1.0,MLPMALCMSY,SNDHS2012444001,2012-13,DHS,1602.0,821.0,0.0,1.6,1.0
SEN,Centre (>2010),1607567,Malaria prevalence according to microscopy,2.2,1,SN,Senegal,2012,SN2012DHS,ML_PMAL_C_MSY,125136110.0,I,444022.0,1444302.0,Region,Centre (>2010),0,,0.0,1.0,MLPMALCMSY,SNDHS2012444022,2012-13,DHS,1688.0,2093.0,1.0,3.4,1.0
SEN,Sud (>2010),6218187,Malaria prevalence according to microscopy,9.4,1,SN,Senegal,2012,SN2012DHS,ML_PMAL_C_MSY,125136110.0,I,444024.0,1444402.0,Region,Sud (>2010),0,,0.0,1.0,MLPMALCMSY,SNDHS2012444024,2012-13,DHS,1028.0,1847.0,5.2,13.6,1.0
SEN,Nord (>2010),7115812,Number of children 6-59 months tested using microscopy,1089,0,SN,Senegal,2012,SN2012DHS,ML_PMAL_C_NMM,125136160.0,D,444023.0,1444102.0,Region,Nord (>2010),0,,0.0,1.0,MLPMALCNMM,SNDHS2012444023,2012-13,DHS,,1265.0,,,1.0
SEN,Ouest,1618876,Number of children 6-59 months tested using microscopy,1602,0,SN,Senegal,2012,SN2012DHS,ML_PMAL_C_NMM,125136160.0,D,444001.0,1444200.0,Region,Ouest,0,,0.0,1.0,MLPMALCNMM,SNDHS2012444001,2012-13,DHS,,821.0,,,1.0
SEN,Centre (>2010),1605706,Number of children 6-59 months tested using microscopy,1688,0,SN,Senegal,2012,SN2012DHS,ML_PMAL_C_NMM,125136160.0,D,444022.0,1444302.0,Region,Centre (>2010),0,,0.0,1.0,MLPMALCNMM,SNDHS2012444022,2012-13,DHS,,2093.0,,,1.0
SEN,Sud (>2010),6218941,Number of children 6-59 months tested using microscopy,1028,0,SN,Senegal,2012,SN2012DHS,ML_PMAL_C_NMM,125136160.0,D,444024.0,1444402.0,Region,Sud (>2010),0,,0.0,1.0,MLPMALCNMM,SNDHS2012444024,2012-13,DHS,,1847.0,,,1.0
SEN,Nord (>2010),7114555,Number of children 6-59 months tested using microscopy (unweighted),1265,0,SN,Senegal,2012,SN2012DHS,ML_PMAL_C_UNM,125136170.0,U,444023.0,1444102.0,Region,Nord (>2010),0,,0.0,1.0,MLPMALCUNM,SNDHS2012444023,2012-13,DHS,1089.0,,,,1.0
SEN,Ouest,1959218,Number of children 6-59 months tested using microscopy (unweighted),821,0,SN,Senegal,2012,SN2012DHS,ML_PMAL_C_UNM,125136170.0,U,444001.0,1444200.0,Region,Ouest,0,,0.0,1.0,MLPMALCUNM,SNDHS2012444001,2012-13,DHS,1602.0,,,,1.0
SEN,Centre (>2010),1605731,Number of children 6-59 months tested using microscopy (unweighted),2093,0,SN,Senegal,2012,SN2012DHS,ML_PMAL_C_UNM,125136170.0,U,444022.0,1444302.0,Region,Centre (>2010),0,,0.0,1.0,MLPMALCUNM,SNDHS2012444022,2012-13,DHS,1688.0,,,,1.0
SEN,Sud (>2010),1762733,Number of children 6-59 months tested using microscopy (unweighted),1847,0,SN,Senegal,2012,SN2012DHS,ML_PMAL_C_UNM,125136170.0,U,444024.0,1444402.0,Region,Sud (>2010),0,,0.0,1.0,MLPMALCUNM,SNDHS2012444024,2012-13,DHS,1028.0,,,,1.0
SEN,Nord (>2010),1038777,Malaria prevalence according to RDT,0.1,1,SN,Senegal,2014,SN2014DHS,ML_PMAL_C_RDT,125136010.0,I,444023.0,1444102.0,Region,Nord (>2010),0,,0.0,1.0,MLPMALCRDT,SNDHS2014444023,2014,DHS,1122.0,1391.0,0.0,0.3,1.0
SEN,Ouest,7505223,Malaria prevalence according to RDT,0,1,SN,Senegal,2014,SN2014DHS,ML_PMAL_C_RDT,125136010.0,I,444001.0,1444200.0,Region,Ouest,0,,0.0,1.0,MLPMALCRDT,SNDHS2014444001,2014,DHS,1702.0,750.0,0.0,0.0,1.0
SEN,Centre (>2010),7203876,Malaria prevalence according to RDT,0.4,1,SN,Senegal,2014,SN2014DHS,ML_PMAL_C_RDT,125136010.0,I,444022.0,1444302.0,Region,Centre (>2010),0,,0.0,1.0,MLPMALCRDT,SNDHS2014444022,2014,DHS,1670.0,2149.0,0.1,0.8,1.0
SEN,Sud (>2010),7104176,Malaria prevalence according to RDT,5.4,1,SN,Senegal,2014,SN2014DHS,ML_PMAL_C_RDT,125136010.0,I,444024.0,1444402.0,Region,Sud (>2010),0,,0.0,1.0,MLPMALCRDT,SNDHS2014444024,2014,DHS,957.0,1916.0,2.1,8.7,1.0
SEN,Nord (>2010),6245611,Number of children 6-59 months tested using RDT,1122,0,SN,Senegal,2014,SN2014DHS,ML_PMAL_C_NMR,125136060.0,D,444023.0,1444102.0,Region,Nord (>2010),0,,0.0,1.0,MLPMALCNMR,SNDHS2014444023,2014,DHS,,1391.0,,,1.0
SEN,Ouest,4898853,Number of children 6-59 months tested using RDT,1702,0,SN,Senegal,2014,SN2014DHS,ML_PMAL_C_NMR,125136060.0,D,444001.0,1444200.0,Region,Ouest,0,,0.0,1.0,MLPMALCNMR,SNDHS2014444001,2014,DHS,,750.0,,,1.0
SEN,Centre (>2010),6262769,Number of children 6-59 months tested using RDT,1670,0,SN,Senegal,2014,SN2014DHS,ML_PMAL_C_NMR,125136060.0,D,444022.0,1444302.0,Region,Centre (>2010),0,,0.0,1.0,MLPMALCNMR,SNDHS2014444022,2014,DHS,,2149.0,,,1.0
SEN,Sud (>2010),4114188,Number of children 6-59 months tested using RDT,957,0,SN,Senegal,2014,SN2014DHS,ML_PMAL_C_NMR,125136060.0,D,444024.0,1444402.0,Region,Sud (>2010),0,,0.0,1.0,MLPMALCNMR,SNDHS2014444024,2014,DHS,,1916.0,,,1.0
SEN,Nord (>2010),1820020,Number of children 6-59 months tested using RDT (unweighted),1391,0,SN,Senegal,2014,SN2014DHS,ML_PMAL_C_UNR,125136070.0,U,444023.0,1444102.0,Region,Nord (>2010),0,,0.0,1.0,MLPMALCUNR,SNDHS2014444023,2014,DHS,1122.0,,,,1.0
SEN,Ouest,2283281,Number of children 6-59 months tested using RDT (unweighted),750,0,SN,Senegal,2014,SN2014DHS,ML_PMAL_C_UNR,125136070.0,U,444001.0,1444200.0,Region,Ouest,0,,0.0,1.0,MLPMALCUNR,SNDHS2014444001,2014,DHS,1702.0,,,,1.0
SEN,Centre (>2010),2819401,Number of children 6-59 months tested using RDT (unweighted),2149,0,SN,Senegal,2014,SN2014DHS,ML_PMAL_C_UNR,125136070.0,U,444022.0,1444302.0,Region,Centre (>2010),0,,0.0,1.0,MLPMALCUNR,SNDHS2014444022,2014,DHS,1670.0,,,,1.0
SEN,Sud (>2010),3073518,Number of children 6-59 months tested using RDT (unweighted),1916,0,SN,Senegal,2014,SN2014DHS,ML_PMAL_C_UNR,125136070.0,U,444024.0,1444402.0,Region,Sud (>2010),0,,0.0,1.0,MLPMALCUNR,SNDHS2014444024,2014,DHS,957.0,,,,1.0
SEN,Nord (>2010),3811150,Malaria prevalence according to microscopy,0.1,1,SN,Senegal,2014,SN2014DHS,ML_PMAL_C_MSY,125136110.0,I,444023.0,1444102.0,Region,Nord (>2010),0,,0.0,1.0,MLPMALCMSY,SNDHS2014444023,2014,DHS,1122.0,1391.0,0.0,0.2,1.0
SEN,Ouest,7237032,Malaria prevalence according to microscopy,0.2,1,SN,Senegal,2014,SN2014DHS,ML_PMAL_C_MSY,125136110.0,I,444001.0,1444200.0,Region,Ouest,0,,0.0,1.0,MLPMALCMSY,SNDHS2014444001,2014,DHS,1702.0,751.0,0.0,0.6,1.0
SEN,Centre (>2010),4653319,Malaria prevalence according to microscopy,0.3,1,SN,Senegal,2014,SN2014DHS,ML_PMAL_C_MSY,125136110.0,I,444022.0,1444302.0,Region,Centre (>2010),0,,0.0,1.0,MLPMALCMSY,SNDHS2014444022,2014,DHS,1670.0,2149.0,0.0,0.6,1.0
SEN,Sud (>2010),7319425,Malaria prevalence according to microscopy,5.9,1,SN,Senegal,2014,SN2014DHS,ML_PMAL_C_MSY,125136110.0,I,444024.0,1444402.0,Region,Sud (>2010),0,,0.0,1.0,MLPMALCMSY,SNDHS2014444024,2014,DHS,956.0,1916.0,2.4,9.4,1.0
SEN,Nord (>2010),3813896,Number of children 6-59 months tested using microscopy,1122,0,SN,Senegal,2014,SN2014DHS,ML_PMAL_C_NMM,125136160.0,D,444023.0,1444102.0,Region,Nord (>2010),0,,0.0,1.0,MLPMALCNMM,SNDHS2014444023,2014,DHS,,1391.0,,,1.0
SEN,Ouest,6769485,Number of children 6-59 months tested using microscopy,1702,0,SN,Senegal,2014,SN2014DHS,ML_PMAL_C_NMM,125136160.0,D,444001.0,1444200.0,Region,Ouest,0,,0.0,1.0,MLPMALCNMM,SNDHS2014444001,2014,DHS,,751.0,,,1.0
SEN,Centre (>2010),4690097,Number of children 6-59 months tested using microscopy,1670,0,SN,Senegal,2014,SN2014DHS,ML_PMAL_C_NMM,125136160.0,D,444022.0,1444302.0,Region,Centre (>2010),0,,0.0,1.0,MLPMALCNMM,SNDHS2014444022,2014,DHS,,2149.0,,,1.0
SEN,Sud (>2010),6142678,Number of children 6-59 months tested using microscopy,956,0,SN,Senegal,2014,SN2014DHS,ML_PMAL_C_NMM,125136160.0,D,444024.0,1444402.0,Region,Sud (>2010),0,,0.0,1.0,MLPMALCNMM,SNDHS2014444024,2014,DHS,,1916.0,,,1.0
SEN,Nord (>2010),2155831,Number of children 6-59 months tested using microscopy (unweighted),1391,0,SN,Senegal,2014,SN2014DHS,ML_PMAL_C_UNM,125136170.0,U,444023.0,1444102.0,Region,Nord (>2010),0,,0.0,1.0,MLPMALCUNM,SNDHS2014444023,2014,DHS,1122.0,,,,1.0
SEN,Ouest,2360535,Number of children 6-59 months tested using microscopy (unweighted),751,0,SN,Senegal,2014,SN2014DHS,ML_PMAL_C_UNM,125136170.0,U,444001.0,1444200.0,Region,Ouest,0,,0.0,1.0,MLPMALCUNM,SNDHS2014444001,2014,DHS,1702.0,,,,1.0
SEN,Centre (>2010),2552892,Number of children 6-59 months tested using microscopy (unweighted),2149,0,SN,Senegal,2014,SN2014DHS,ML_PMAL_C_UNM,125136170.0,U,444022.0,1444302.0,Region,Centre (>2010),0,,0.0,1.0,MLPMALCUNM,SNDHS2014444022,2014,DHS,1670.0,,,,1.0
SEN,Sud (>2010),2055436,Number of children 6-59 months tested using microscopy (unweighted),1916,0,SN,Senegal,2014,SN2014DHS,ML_PMAL_C_UNM,125136170.0,U,444024.0,1444402.0,Region,Sud (>2010),0,,0.0,1.0,MLPMALCUNM,SNDHS2014444024,2014,DHS,956.0,,,,1.0
SEN,Nord (>2010),1032905,Malaria prevalence according to RDT,0.2,1,SN,Senegal,2015,SN2015DHS,ML_PMAL_C_RDT,125136010.0,I,444023.0,1444102.0,Region,Nord (>2010),0,,0.0,1.0,MLPMALCRDT,SNDHS2015444023,2015,DHS,951.0,1168.0,0.0,0.4,1.0
SEN,Ouest,1023957,Malaria prevalence according to RDT,0,1,SN,Senegal,2015,SN2015DHS,ML_PMAL_C_RDT,125136010.0,I,444001.0,1444200.0,Region,Ouest,0,,0.0,1.0,MLPMALCRDT,SNDHS2015444001,2015,DHS,1589.0,824.0,0.0,0.0,1.0
SEN,Centre (>2010),7167427,Malaria prevalence according to RDT,0.6,1,SN,Senegal,2015,SN2015DHS,ML_PMAL_C_RDT,125136010.0,I,444022.0,1444302.0,Region,Centre (>2010),0,,0.0,1.0,MLPMALCRDT,SNDHS2015444022,2015,DHS,1891.0,2227.0,0.2,0.9,1.0
SEN,Sud (>2010),7150698,Malaria prevalence according to RDT,2.1,1,SN,Senegal,2015,SN2015DHS,ML_PMAL_C_RDT,125136010.0,I,444024.0,1444402.0,Region,Sud (>2010),0,,0.0,1.0,MLPMALCRDT,SNDHS2015444024,2015,DHS,1045.0,1996.0,1.0,3.2,1.0
SEN,Nord (>2010),3399046,Number of children 6-59 months tested using RDT,951,0,SN,Senegal,2015,SN2015DHS,ML_PMAL_C_NMR,125136060.0,D,444023.0,1444102.0,Region,Nord (>2010),0,,0.0,1.0,MLPMALCNMR,SNDHS2015444023,2015,DHS,,1168.0,,,1.0
SEN,Ouest,5349489,Number of children 6-59 months tested using RDT,1589,0,SN,Senegal,2015,SN2015DHS,ML_PMAL_C_NMR,125136060.0,D,444001.0,1444200.0,Region,Ouest,0,,0.0,1.0,MLPMALCNMR,SNDHS2015444001,2015,DHS,,824.0,,,1.0
SEN,Centre (>2010),3652738,Number of children 6-59 months tested using RDT,1891,0,SN,Senegal,2015,SN2015DHS,ML_PMAL_C_NMR,125136060.0,D,444022.0,1444302.0,Region,Centre (>2010),0,,0.0,1.0,MLPMALCNMR,SNDHS2015444022,2015,DHS,,2227.0,,,1.0
SEN,Sud (>2010),1616155,Number of children 6-59 months tested using RDT,1045,0,SN,Senegal,2015,SN2015DHS,ML_PMAL_C_NMR,125136060.0,D,444024.0,1444402.0,Region,Sud (>2010),0,,0.0,1.0,MLPMALCNMR,SNDHS2015444024,2015,DHS,,1996.0,,,1.0
SEN,Nord (>2010),2375341,Number of children 6-59 months tested using RDT (unweighted),1168,0,SN,Senegal,2015,SN2015DHS,ML_PMAL_C_UNR,125136070.0,U,444023.0,1444102.0,Region,Nord (>2010),0,,0.0,1.0,MLPMALCUNR,SNDHS2015444023,2015,DHS,951.0,,,,1.0
SEN,Ouest,2393505,Number of children 6-59 months tested using RDT (unweighted),824,0,SN,Senegal,2015,SN2015DHS,ML_PMAL_C_UNR,125136070.0,U,444001.0,1444200.0,Region,Ouest,0,,0.0,1.0,MLPMALCUNR,SNDHS2015444001,2015,DHS,1589.0,,,,1.0
SEN,Centre (>2010),1616150,Number of children 6-59 months tested using RDT (unweighted),2227,0,SN,Senegal,2015,SN2015DHS,ML_PMAL_C_UNR,125136070.0,U,444022.0,1444302.0,Region,Centre (>2010),0,,0.0,1.0,MLPMALCUNR,SNDHS2015444022,2015,DHS,1891.0,,,,1.0
SEN,Sud (>2010),2958930,Number of children 6-59 months tested using RDT (unweighted),1996,0,SN,Senegal,2015,SN2015DHS,ML_PMAL_C_UNR,125136070.0,U,444024.0,1444402.0,Region,Sud (>2010),0,,0.0,1.0,MLPMALCUNR,SNDHS2015444024,2015,DHS,1045.0,,,,1.0
SEN,Nord (>2010),7415230,Malaria prevalence according to microscopy,0.6,1,SN,Senegal,2015,SN2015DHS,ML_PMAL_C_MSY,125136110.0,I,444023.0,1444102.0,Region,Nord (>2010),0,,0.0,1.0,MLPMALCMSY,SNDHS2015444023,2015,DHS,948.0,1164.0,0.0,1.3,1.0
SEN,Ouest,7500566,Malaria prevalence according to microscopy,0.1,1,SN,Senegal,2015,SN2015DHS,ML_PMAL_C_MSY,125136110.0,I,444001.0,1444200.0,Region,Ouest,0,,0.0,1.0,MLPMALCMSY,SNDHS2015444001,2015,DHS,1589.0,824.0,0.0,0.2,1.0
SEN,Centre (>2010),7117738,Malaria prevalence according to microscopy,0.3,1,SN,Senegal,2015,SN2015DHS,ML_PMAL_C_MSY,125136110.0,I,444022.0,1444302.0,Region,Centre (>2010),0,,0.0,1.0,MLPMALCMSY,SNDHS2015444022,2015,DHS,1889.0,2225.0,0.1,0.5,1.0
SEN,Sud (>2010),7373024,Malaria prevalence according to microscopy,0.3,1,SN,Senegal,2015,SN2015DHS,ML_PMAL_C_MSY,125136110.0,I,444024.0,1444402.0,Region,Sud (>2010),0,,0.0,1.0,MLPMALCMSY,SNDHS2015444024,2015,DHS,1043.0,1992.0,0.0,0.7,1.0
SEN,Nord (>2010),5499195,Number of children 6-59 months tested using microscopy,948,0,SN,Senegal,2015,SN2015DHS,ML_PMAL_C_NMM,125136160.0,D,444023.0,1444102.0,Region,Nord (>2010),0,,0.0,1.0,MLPMALCNMM,SNDHS2015444023,2015,DHS,,1164.0,,,1.0
SEN,Ouest,6874910,Number of children 6-59 months tested using microscopy,1589,0,SN,Senegal,2015,SN2015DHS,ML_PMAL_C_NMM,125136160.0,D,444001.0,1444200.0,Region,Ouest,0,,0.0,1.0,MLPMALCNMM,SNDHS2015444001,2015,DHS,,824.0,,,1.0
SEN,Centre (>2010),4957023,Number of children 6-59 months tested using microscopy,1889,0,SN,Senegal,2015,SN2015DHS,ML_PMAL_C_NMM,125136160.0,D,444022.0,1444302.0,Region,Centre (>2010),0,,0.0,1.0,MLPMALCNMM,SNDHS2015444022,2015,DHS,,2225.0,,,1.0
SEN,Sud (>2010),1616157,Number of children 6-59 months tested using microscopy,1043,0,SN,Senegal,2015,SN2015DHS,ML_PMAL_C_NMM,125136160.0,D,444024.0,1444402.0,Region,Sud (>2010),0,,0.0,1.0,MLPMALCNMM,SNDHS2015444024,2015,DHS,,1992.0,,,1.0
SEN,Nord (>2010),3205830,Number of children 6-59 months tested using microscopy (unweighted),1164,0,SN,Senegal,2015,SN2015DHS,ML_PMAL_C_UNM,125136170.0,U,444023.0,1444102.0,Region,Nord (>2010),0,,0.0,1.0,MLPMALCUNM,SNDHS2015444023,2015,DHS,948.0,,,,1.0
SEN,Ouest,1602803,Number of children 6-59 months tested using microscopy (unweighted),824,0,SN,Senegal,2015,SN2015DHS,ML_PMAL_C_UNM,125136170.0,U,444001.0,1444200.0,Region,Ouest,0,,0.0,1.0,MLPMALCUNM,SNDHS2015444001,2015,DHS,1589.0,,,,1.0
SEN,Centre (>2010),1616159,Number of children 6-59 months tested using microscopy (unweighted),2225,0,SN,Senegal,2015,SN2015DHS,ML_PMAL_C_UNM,125136170.0,U,444022.0,1444302.0,Region,Centre (>2010),0,,0.0,1.0,MLPMALCUNM,SNDHS2015444022,2015,DHS,1889.0,,,,1.0
SEN,Sud (>2010),2133911,Number of children 6-59 months tested using microscopy (unweighted),1992,0,SN,Senegal,2015,SN2015DHS,ML_PMAL_C_UNM,125136170.0,U,444024.0,1444402.0,Region,Sud (>2010),0,,0.0,1.0,MLPMALCUNM,SNDHS2015444024,2015,DHS,1043.0,,,,1.0
SEN,Nord (>2010),7456122,Malaria prevalence according to RDT,0.2,1,SN,Senegal,2016,SN2016DHS,ML_PMAL_C_RDT,125136010.0,I,444023.0,1444102.0,Region,Nord (>2010),0,,0.0,1.0,MLPMALCRDT,SNDHS2016444023,2016,DHS,959.0,1208.0,0.0,0.5,1.0
SEN,Ouest,7553642,Malaria prevalence according to RDT,0.1,1,SN,Senegal,2016,SN2016DHS,ML_PMAL_C_RDT,125136010.0,I,444001.0,1444200.0,Region,Ouest,0,,0.0,1.0,MLPMALCRDT,SNDHS2016444001,2016,DHS,1665.0,790.0,0.0,0.2,1.0
SEN,Centre (>2010),7520885,Malaria prevalence according to RDT,0.6,1,SN,Senegal,2016,SN2016DHS,ML_PMAL_C_RDT,125136010.0,I,444022.0,1444302.0,Region,Centre (>2010),0,,0.0,1.0,MLPMALCRDT,SNDHS2016444022,2016,DHS,1703.0,2129.0,0.2,1.1,1.0
SEN,Sud (>2010),3651956,Malaria prevalence according to RDT,3.6,1,SN,Senegal,2016,SN2016DHS,ML_PMAL_C_RDT,125136010.0,I,444024.0,1444402.0,Region,Sud (>2010),0,,0.0,1.0,MLPMALCRDT,SNDHS2016444024,2016,DHS,908.0,1935.0,2.2,5.0,1.0
SEN,Nord (>2010),1616376,Number of children 6-59 months tested using RDT,959,0,SN,Senegal,2016,SN2016DHS,ML_PMAL_C_NMR,125136060.0,D,444023.0,1444102.0,Region,Nord (>2010),0,,0.0,1.0,MLPMALCNMR,SNDHS2016444023,2016,DHS,,1208.0,,,1.0
SEN,Ouest,1609911,Number of children 6-59 months tested using RDT,1665,0,SN,Senegal,2016,SN2016DHS,ML_PMAL_C_NMR,125136060.0,D,444001.0,1444200.0,Region,Ouest,0,,0.0,1.0,MLPMALCNMR,SNDHS2016444001,2016,DHS,,790.0,,,1.0
SEN,Centre (>2010),1609942,Number of children 6-59 months tested using RDT,1703,0,SN,Senegal,2016,SN2016DHS,ML_PMAL_C_NMR,125136060.0,D,444022.0,1444302.0,Region,Centre (>2010),0,,0.0,1.0,MLPMALCNMR,SNDHS2016444022,2016,DHS,,2129.0,,,1.0
SEN,Sud (>2010),3697575,Number of children 6-59 months tested using RDT,908,0,SN,Senegal,2016,SN2016DHS,ML_PMAL_C_NMR,125136060.0,D,444024.0,1444402.0,Region,Sud (>2010),0,,0.0,1.0,MLPMALCNMR,SNDHS2016444024,2016,DHS,,1935.0,,,1.0
SEN,Nord (>2010),1616390,Number of children 6-59 months tested using RDT (unweighted),1208,0,SN,Senegal,2016,SN2016DHS,ML_PMAL_C_UNR,125136070.0,U,444023.0,1444102.0,Region,Nord (>2010),0,,0.0,1.0,MLPMALCUNR,SNDHS2016444023,2016,DHS,959.0,,,,1.0
SEN,Ouest,1609926,Number of children 6-59 months tested using RDT (unweighted),790,0,SN,Senegal,2016,SN2016DHS,ML_PMAL_C_UNR,125136070.0,U,444001.0,1444200.0,Region,Ouest,0,,0.0,1.0,MLPMALCUNR,SNDHS2016444001,2016,DHS,1665.0,,,,1.0
SEN,Centre (>2010),2577021,Number of children 6-59 months tested using RDT (unweighted),2129,0,SN,Senegal,2016,SN2016DHS,ML_PMAL_C_UNR,125136070.0,U,444022.0,1444302.0,Region,Centre (>2010),0,,0.0,1.0,MLPMALCUNR,SNDHS2016444022,2016,DHS,1703.0,,,,1.0
SEN,Sud (>2010),3205846,Number of children 6-59 months tested using RDT (unweighted),1935,0,SN,Senegal,2016,SN2016DHS,ML_PMAL_C_UNR,125136070.0,U,444024.0,1444402.0,Region,Sud (>2010),0,,0.0,1.0,MLPMALCUNR,SNDHS2016444024,2016,DHS,908.0,,,,1.0
SEN,Nord (>2010),7361599,Malaria prevalence according to microscopy,0.3,1,SN,Senegal,2016,SN2016DHS,ML_PMAL_C_MSY,125136110.0,I,444023.0,1444102.0,Region,Nord (>2010),0,,0.0,1.0,MLPMALCMSY,SNDHS2016444023,2016,DHS,961.0,1210.0,0.0,0.9,1.0
SEN,Ouest,7468164,Malaria prevalence according to microscopy,0,1,SN,Senegal,2016,SN2016DHS,ML_PMAL_C_MSY,125136110.0,I,444001.0,1444200.0,Region,Ouest,0,,0.0,1.0,MLPMALCMSY,SNDHS2016444001,2016,DHS,1665.0,790.0,0.0,0.0,1.0
SEN,Centre (>2010),1912060,Malaria prevalence according to microscopy,0.9,1,SN,Senegal,2016,SN2016DHS,ML_PMAL_C_MSY,125136110.0,I,444022.0,1444302.0,Region,Centre (>2010),0,,0.0,1.0,MLPMALCMSY,SNDHS2016444022,2016,DHS,1702.0,2128.0,0.1,1.6,1.0
SEN,Sud (>2010),2959154,Malaria prevalence according to microscopy,3.2,1,SN,Senegal,2016,SN2016DHS,ML_PMAL_C_MSY,125136110.0,I,444024.0,1444402.0,Region,Sud (>2010),0,,0.0,1.0,MLPMALCMSY,SNDHS2016444024,2016,DHS,909.0,1936.0,1.8,4.7,1.0
SEN,Nord (>2010),5051666,Number of children 6-59 months tested using microscopy,961,0,SN,Senegal,2016,SN2016DHS,ML_PMAL_C_NMM,125136160.0,D,444023.0,1444102.0,Region,Nord (>2010),0,,0.0,1.0,MLPMALCNMM,SNDHS2016444023,2016,DHS,,1210.0,,,1.0
SEN,Ouest,5926643,Number of children 6-59 months tested using microscopy,1665,0,SN,Senegal,2016,SN2016DHS,ML_PMAL_C_NMM,125136160.0,D,444001.0,1444200.0,Region,Ouest,0,,0.0,1.0,MLPMALCNMM,SNDHS2016444001,2016,DHS,,790.0,,,1.0
SEN,Centre (>2010),1609945,Number of children 6-59 months tested using microscopy,1702,0,SN,Senegal,2016,SN2016DHS,ML_PMAL_C_NMM,125136160.0,D,444022.0,1444302.0,Region,Centre (>2010),0,,0.0,1.0,MLPMALCNMM,SNDHS2016444022,2016,DHS,,2128.0,,,1.0
SEN,Sud (>2010),1616402,Number of children 6-59 months tested using microscopy,909,0,SN,Senegal,2016,SN2016DHS,ML_PMAL_C_NMM,125136160.0,D,444024.0,1444402.0,Region,Sud (>2010),0,,0.0,1.0,MLPMALCNMM,SNDHS2016444024,2016,DHS,,1936.0,,,1.0
SEN,Nord (>2010),2862203,Number of children 6-59 months tested using microscopy (unweighted),1210,0,SN,Senegal,2016,SN2016DHS,ML_PMAL_C_UNM,125136170.0,U,444023.0,1444102.0,Region,Nord (>2010),0,,0.0,1.0,MLPMALCUNM,SNDHS2016444023,2016,DHS,961.0,,,,1.0
SEN,Ouest,1610748,Number of children 6-59 months tested using microscopy (unweighted),790,0,SN,Senegal,2016,SN2016DHS,ML_PMAL_C_UNM,125136170.0,U,444001.0,1444200.0,Region,Ouest,0,,0.0,1.0,MLPMALCUNM,SNDHS2016444001,2016,DHS,1665.0,,,,1.0
SEN,Centre (>2010),1891877,Number of children 6-59 months tested using microscopy (unweighted),2128,0,SN,Senegal,2016,SN2016DHS,ML_PMAL_C_UNM,125136170.0,U,444022.0,1444302.0,Region,Centre (>2010),0,,0.0,1.0,MLPMALCUNM,SNDHS2016444022,2016,DHS,1702.0,,,,1.0
SEN,Sud (>2010),2959103,Number of children 6-59 months tested using microscopy (unweighted),1936,0,SN,Senegal,2016,SN2016DHS,ML_PMAL_C_UNM,125136170.0,U,444024.0,1444402.0,Region,Sud (>2010),0,,0.0,1.0,MLPMALCUNM,SNDHS2016444024,2016,DHS,909.0,,,,1.0
SEN,Nord et Est,7531059,Malaria prevalence according to RDT,2.8,1,SN,Senegal,2017,SN2017DHS,ML_PMAL_C_RDT,125136010.0,I,444016.0,1444100.0,Region,Nord et Est,0,,0.0,1.0,MLPMALCRDT,SNDHS2017444016,2017,DHS,1783.0,3038.0,0.7,4.9,
SEN,Saint Louis,7543561,Malaria prevalence according to RDT,0,1,SN,Senegal,2017,SN2017DHS,ML_PMAL_C_RDT,125136010.0,I,444018.0,1444110.0,Region,..Saint Louis,0,,0.0,1.0,MLPMALCRDT,SNDHS2017444018,2017,DHS,636.0,676.0,0.0,0.0,1.0
SEN,Louga,7358796,Malaria prevalence according to RDT,0,1,SN,Senegal,2017,SN2017DHS,ML_PMAL_C_RDT,125136010.0,I,444009.0,1444120.0,Region,..Louga,0,,0.0,1.0,MLPMALCRDT,SNDHS2017444009,2017,DHS,680.0,767.0,0.0,0.0,1.0
SEN,Matam,7292148,Malaria prevalence according to RDT,0.1,1,SN,Senegal,2017,SN2017DHS,ML_PMAL_C_RDT,125136010.0,I,444017.0,1444130.0,Region,..Matam,0,,0.0,1.0,MLPMALCRDT,SNDHS2017444017,2017,DHS,405.0,814.0,0.0,0.3,1.0
SEN,Ouest,1010901,Malaria prevalence according to RDT,0.1,1,SN,Senegal,2017,SN2017DHS,ML_PMAL_C_RDT,125136010.0,I,444001.0,1444200.0,Region,Ouest,0,,0.0,1.0,MLPMALCRDT,SNDHS2017444001,2017,DHS,3095.0,1478.0,0.0,0.3,
SEN,Dakar,7116868,Malaria prevalence according to RDT,0.2,1,SN,Senegal,2017,SN2017DHS,ML_PMAL_C_RDT,125136010.0,I,444002.0,1444210.0,Region,..Dakar,0,,0.0,1.0,MLPMALCRDT,SNDHS2017444002,2017,DHS,1836.0,654.0,0.0,0.6,1.0
SEN,Thiès,7021240,Malaria prevalence according to RDT,0,1,SN,Senegal,2017,SN2017DHS,ML_PMAL_C_RDT,125136010.0,I,444003.0,1444220.0,Region,..Thiès,0,,0.0,1.0,MLPMALCRDT,SNDHS2017444003,2017,DHS,1258.0,824.0,0.0,0.0,1.0
SEN,Centre,7377373,Malaria prevalence according to RDT,0.5,1,SN,Senegal,2017,SN2017DHS,ML_PMAL_C_RDT,125136010.0,I,444004.0,1444300.0,Region,Centre,0,,0.0,1.0,MLPMALCRDT,SNDHS2017444004,2017,DHS,3721.0,4131.0,0.1,0.9,
SEN,Diourbel,3920571,Malaria prevalence according to RDT,0.2,1,SN,Senegal,2017,SN2017DHS,ML_PMAL_C_RDT,125136010.0,I,444005.0,1444310.0,Region,..Diourbel,0,,0.0,1.0,MLPMALCRDT,SNDHS2017444005,2017,DHS,1294.0,916.0,0.0,0.5,1.0
SEN,Fatick,6854576,Malaria prevalence according to RDT,0.4,1,SN,Senegal,2017,SN2017DHS,ML_PMAL_C_RDT,125136010.0,I,444010.0,1444315.0,Region,..Fatick,0,,0.0,1.0,MLPMALCRDT,SNDHS2017444010,2017,DHS,521.0,783.0,0.0,1.3,1.0
SEN,Kaolack (2005),7235827,Malaria prevalence according to RDT,1,1,SN,Senegal,2017,SN2017DHS,ML_PMAL_C_RDT,125136010.0,I,444006.0,1444320.0,Region,..Kaolack (2005),0,,0.0,1.0,MLPMALCRDT,SNDHS2017444006,2017,DHS,1227.0,1665.0,0.0,2.1,
SEN,..Kaffrine,5323931,Malaria prevalence according to RDT,0.2,1,SN,Senegal,2017,SN2017DHS,ML_PMAL_C_RDT,125136010.0,I,444007.0,1444330.0,Region,....Kaffrine,0,,0.0,1.0,MLPMALCRDT,SNDHS2017444007,2017,DHS,558.0,1006.0,0.0,0.5,1.0
SEN,..Kaolack (2010),6218603,Malaria prevalence according to RDT,1.8,1,SN,Senegal,2017,SN2017DHS,ML_PMAL_C_RDT,125136010.0,I,444008.0,1444340.0,Region,....Kaolack (2010),0,,0.0,1.0,MLPMALCRDT,SNDHS2017444008,2017,DHS,669.0,659.0,0.0,3.6,1.0
SEN,Sud,7256908,Malaria prevalence according to RDT,1.3,1,SN,Senegal,2017,SN2017DHS,ML_PMAL_C_RDT,125136010.0,I,444011.0,1444400.0,Region,Sud,0,,0.0,1.0,MLPMALCRDT,SNDHS2017444011,2017,DHS,1264.0,2200.0,0.4,2.2,
SEN,Ziguinchor,5566630,Malaria prevalence according to RDT,0,1,SN,Senegal,2017,SN2017DHS,ML_PMAL_C_RDT,125136010.0,I,444012.0,1444410.0,Region,..Ziguinchor,0,,0.0,1.0,MLPMALCRDT,SNDHS2017444012,2017,DHS,368.0,559.0,0.0,0.0,1.0
SEN,Kolda (2005),7558555,Malaria prevalence according to RDT,1.8,1,SN,Senegal,2017,SN2017DHS,ML_PMAL_C_RDT,125136010.0,I,444013.0,1444420.0,Region,..Kolda (2005),0,,0.0,1.0,MLPMALCRDT,SNDHS2017444013,2017,DHS,897.0,1641.0,0.6,3.0,
SEN,..Sédhiou,7561290,Malaria prevalence according to RDT,0.2,1,SN,Senegal,2017,SN2017DHS,ML_PMAL_C_RDT,125136010.0,I,444014.0,1444430.0,Region,....Sédhiou,0,,0.0,1.0,MLPMALCRDT,SNDHS2017444014,2017,DHS,365.0,840.0,0.0,0.5,1.0
SEN,..Kolda (2010),3532491,Malaria prevalence according to RDT,2.9,1,SN,Senegal,2017,SN2017DHS,ML_PMAL_C_RDT,125136010.0,I,444015.0,1444440.0,Region,....Kolda (2010),0,,0.0,1.0,MLPMALCRDT,SNDHS2017444015,2017,DHS,532.0,801.0,0.9,5.0,1.0
SEN,Tambacounda (2005),7292137,Malaria prevalence according to RDT,6.6,1,SN,Senegal,2017,SN2017DHS,ML_PMAL_C_RDT,125136010.0,I,444019.0,1444480.0,Region,..Tambacounda (2005),0,,0.0,1.0,MLPMALCRDT,SNDHS2017444019,2017,DHS,742.0,1548.0,1.8,11.4,
SEN,..Kédougou,7573446,Malaria prevalence according to RDT,15.3,1,SN,Senegal,2017,SN2017DHS,ML_PMAL_C_RDT,125136010.0,I,444020.0,1444490.0,Region,....Kédougou,0,,0.0,1.0,MLPMALCRDT,SNDHS2017444020,2017,DHS,127.0,631.0,6.6,24.0,1.0
SEN,..Tambacounda (2010),7469965,Malaria prevalence according to RDT,4.8,1,SN,Senegal,2017,SN2017DHS,ML_PMAL_C_RDT,125136010.0,I,444021.0,1444500.0,Region,....Tambacounda (2010),0,,0.0,1.0,MLPMALCRDT,SNDHS2017444021,2017,DHS,615.0,917.0,0.0,10.2,1.0
SEN,Nord et Est,1603286,Number of children 6-59 months tested using RDT,1783,0,SN,Senegal,2017,SN2017DHS,ML_PMAL_C_NMR,125136060.0,D,444016.0,1444100.0,Region,Nord et Est,0,,0.0,1.0,MLPMALCNMR,SNDHS2017444016,2017,DHS,,3038.0,,,
SEN,Saint Louis,1603240,Number of children 6-59 months tested using RDT,636,0,SN,Senegal,2017,SN2017DHS,ML_PMAL_C_NMR,125136060.0,D,444018.0,1444110.0,Region,..Saint Louis,0,,0.0,1.0,MLPMALCNMR,SNDHS2017444018,2017,DHS,,676.0,,,1.0
SEN,Louga,7111902,Number of children 6-59 months tested using RDT,680,0,SN,Senegal,2017,SN2017DHS,ML_PMAL_C_NMR,125136060.0,D,444009.0,1444120.0,Region,..Louga,0,,0.0,1.0,MLPMALCNMR,SNDHS2017444009,2017,DHS,,767.0,,,1.0
SEN,Matam,4141007,Number of children 6-59 months tested using RDT,405,0,SN,Senegal,2017,SN2017DHS,ML_PMAL_C_NMR,125136060.0,D,444017.0,1444130.0,Region,..Matam,0,,0.0,1.0,MLPMALCNMR,SNDHS2017444017,2017,DHS,,814.0,,,1.0
SEN,Ouest,1596176,Number of children 6-59 months tested using RDT,3095,0,SN,Senegal,2017,SN2017DHS,ML_PMAL_C_NMR,125136060.0,D,444001.0,1444200.0,Region,Ouest,0,,0.0,1.0,MLPMALCNMR,SNDHS2017444001,2017,DHS,,1478.0,,,
SEN,Dakar,1609987,Number of children 6-59 months tested using RDT,1836,0,SN,Senegal,2017,SN2017DHS,ML_PMAL_C_NMR,125136060.0,D,444002.0,1444210.0,Region,..Dakar,0,,0.0,1.0,MLPMALCNMR,SNDHS2017444002,2017,DHS,,654.0,,,1.0
SEN,Thiès,7046834,Number of children 6-59 months tested using RDT,1258,0,SN,Senegal,2017,SN2017DHS,ML_PMAL_C_NMR,125136060.0,D,444003.0,1444220.0,Region,..Thiès,0,,0.0,1.0,MLPMALCNMR,SNDHS2017444003,2017,DHS,,824.0,,,1.0
SEN,Centre,1603197,Number of children 6-59 months tested using RDT,3721,0,SN,Senegal,2017,SN2017DHS,ML_PMAL_C_NMR,125136060.0,D,444004.0,1444300.0,Region,Centre,0,,0.0,1.0,MLPMALCNMR,SNDHS2017444004,2017,DHS,,4131.0,,,
SEN,Diourbel,3975580,Number of children 6-59 months tested using RDT,1294,0,SN,Senegal,2017,SN2017DHS,ML_PMAL_C_NMR,125136060.0,D,444005.0,1444310.0,Region,..Diourbel,0,,0.0,1.0,MLPMALCNMR,SNDHS2017444005,2017,DHS,,916.0,,,1.0
SEN,Fatick,6788880,Number of children 6-59 months tested using RDT,521,0,SN,Senegal,2017,SN2017DHS,ML_PMAL_C_NMR,125136060.0,D,444010.0,1444315.0,Region,..Fatick,0,,0.0,1.0,MLPMALCNMR,SNDHS2017444010,2017,DHS,,783.0,,,1.0
SEN,Kaolack (2005),1603246,Number of children 6-59 months tested using RDT,1227,0,SN,Senegal,2017,SN2017DHS,ML_PMAL_C_NMR,125136060.0,D,444006.0,1444320.0,Region,..Kaolack (2005),0,,0.0,1.0,MLPMALCNMR,SNDHS2017444006,2017,DHS,,1665.0,,,
SEN,..Kaffrine,5349396,Number of children 6-59 months tested using RDT,558,0,SN,Senegal,2017,SN2017DHS,ML_PMAL_C_NMR,125136060.0,D,444007.0,1444330.0,Region,....Kaffrine,0,,0.0,1.0,MLPMALCNMR,SNDHS2017444007,2017,DHS,,1006.0,,,1.0
SEN,..Kaolack (2010),6219021,Number of children 6-59 months tested using RDT,669,0,SN,Senegal,2017,SN2017DHS,ML_PMAL_C_NMR,125136060.0,D,444008.0,1444340.0,Region,....Kaolack (2010),0,,0.0,1.0,MLPMALCNMR,SNDHS2017444008,2017,DHS,,659.0,,,1.0
SEN,Sud,5779681,Number of children 6-59 months tested using RDT,1264,0,SN,Senegal,2017,SN2017DHS,ML_PMAL_C_NMR,125136060.0,D,444011.0,1444400.0,Region,Sud,0,,0.0,1.0,MLPMALCNMR,SNDHS2017444011,2017,DHS,,2200.0,,,
SEN,Ziguinchor,5620226,Number of children 6-59 months tested using RDT,368,0,SN,Senegal,2017,SN2017DHS,ML_PMAL_C_NMR,125136060.0,D,444012.0,1444410.0,Region,..Ziguinchor,0,,0.0,1.0,MLPMALCNMR,SNDHS2017444012,2017,DHS,,559.0,,,1.0
SEN,Kolda (2005),1610012,Number of children 6-59 months tested using RDT,897,0,SN,Senegal,2017,SN2017DHS,ML_PMAL_C_NMR,125136060.0,D,444013.0,1444420.0,Region,..Kolda (2005),0,,0.0,1.0,MLPMALCNMR,SNDHS2017444013,2017,DHS,,1641.0,,,
SEN,..Sédhiou,4454668,Number of children 6-59 months tested using RDT,365,0,SN,Senegal,2017,SN2017DHS,ML_PMAL_C_NMR,125136060.0,D,444014.0,1444430.0,Region,....Sédhiou,0,,0.0,1.0,MLPMALCNMR,SNDHS2017444014,2017,DHS,,840.0,,,1.0
SEN,..Kolda (2010),7172913,Number of children 6-59 months tested using RDT,532,0,SN,Senegal,2017,SN2017DHS,ML_PMAL_C_NMR,125136060.0,D,444015.0,1444440.0,Region,....Kolda (2010),0,,0.0,1.0,MLPMALCNMR,SNDHS2017444015,2017,DHS,,801.0,,,1.0
SEN,Tambacounda (2005),6714578,Number of children 6-59 months tested using RDT,742,0,SN,Senegal,2017,SN2017DHS,ML_PMAL_C_NMR,125136060.0,D,444019.0,1444480.0,Region,..Tambacounda (2005),0,,0.0,1.0,MLPMALCNMR,SNDHS2017444019,2017,DHS,,1548.0,,,
SEN,..Kédougou,1603234,Number of children 6-59 months tested using RDT,127,0,SN,Senegal,2017,SN2017DHS,ML_PMAL_C_NMR,125136060.0,D,444020.0,1444490.0,Region,....Kédougou,0,,0.0,1.0,MLPMALCNMR,SNDHS2017444020,2017,DHS,,631.0,,,1.0
SEN,..Tambacounda (2010),2954019,Number of children 6-59 months tested using RDT,615,0,SN,Senegal,2017,SN2017DHS,ML_PMAL_C_NMR,125136060.0,D,444021.0,1444500.0,Region,....Tambacounda (2010),0,,0.0,1.0,MLPMALCNMR,SNDHS2017444021,2017,DHS,,917.0,,,1.0
SEN,Nord et Est,1603290,Number of children 6-59 months tested using RDT (unweighted),3038,0,SN,Senegal,2017,SN2017DHS,ML_PMAL_C_UNR,125136070.0,U,444016.0,1444100.0,Region,Nord et Est,0,,0.0,1.0,MLPMALCUNR,SNDHS2017444016,2017,DHS,1783.0,,,,
SEN,Saint Louis,1603278,Number of children 6-59 months tested using RDT (unweighted),676,0,SN,Senegal,2017,SN2017DHS,ML_PMAL_C_UNR,125136070.0,U,444018.0,1444110.0,Region,..Saint Louis,0,,0.0,1.0,MLPMALCUNR,SNDHS2017444018,2017,DHS,636.0,,,,1.0
SEN,Louga,7089788,Number of children 6-59 months tested using RDT (unweighted),767,0,SN,Senegal,2017,SN2017DHS,ML_PMAL_C_UNR,125136070.0,U,444009.0,1444120.0,Region,..Louga,0,,0.0,1.0,MLPMALCUNR,SNDHS2017444009,2017,DHS,680.0,,,,1.0
SEN,Matam,2050914,Number of children 6-59 months tested using RDT (unweighted),814,0,SN,Senegal,2017,SN2017DHS,ML_PMAL_C_UNR,125136070.0,U,444017.0,1444130.0,Region,..Matam,0,,0.0,1.0,MLPMALCUNR,SNDHS2017444017,2017,DHS,405.0,,,,1.0
SEN,Ouest,3217537,Number of children 6-59 months tested using RDT (unweighted),1478,0,SN,Senegal,2017,SN2017DHS,ML_PMAL_C_UNR,125136070.0,U,444001.0,1444200.0,Region,Ouest,0,,0.0,1.0,MLPMALCUNR,SNDHS2017444001,2017,DHS,3095.0,,,,
SEN,Dakar,2816273,Number of children 6-59 months tested using RDT (unweighted),654,0,SN,Senegal,2017,SN2017DHS,ML_PMAL_C_UNR,125136070.0,U,444002.0,1444210.0,Region,..Dakar,0,,0.0,1.0,MLPMALCUNR,SNDHS2017444002,2017,DHS,1836.0,,,,1.0
SEN,Thiès,2395484,Number of children 6-59 months tested using RDT (unweighted),824,0,SN,Senegal,2017,SN2017DHS,ML_PMAL_C_UNR,125136070.0,U,444003.0,1444220.0,Region,..Thiès,0,,0.0,1.0,MLPMALCUNR,SNDHS2017444003,2017,DHS,1258.0,,,,1.0
SEN,Centre,2393469,Number of children 6-59 months tested using RDT (unweighted),4131,0,SN,Senegal,2017,SN2017DHS,ML_PMAL_C_UNR,125136070.0,U,444004.0,1444300.0,Region,Centre,0,,0.0,1.0,MLPMALCUNR,SNDHS2017444004,2017,DHS,3721.0,,,,
SEN,Diourbel,2442152,Number of children 6-59 months tested using RDT (unweighted),916,0,SN,Senegal,2017,SN2017DHS,ML_PMAL_C_UNR,125136070.0,U,444005.0,1444310.0,Region,..Diourbel,0,,0.0,1.0,MLPMALCUNR,SNDHS2017444005,2017,DHS,1294.0,,,,1.0
SEN,Fatick,2666689,Number of children 6-59 months tested using RDT (unweighted),783,0,SN,Senegal,2017,SN2017DHS,ML_PMAL_C_UNR,125136070.0,U,444010.0,1444315.0,Region,..Fatick,0,,0.0,1.0,MLPMALCUNR,SNDHS2017444010,2017,DHS,521.0,,,,1.0
SEN,Kaolack (2005),1603276,Number of children 6-59 months tested using RDT (unweighted),1665,0,SN,Senegal,2017,SN2017DHS,ML_PMAL_C_UNR,125136070.0,U,444006.0,1444320.0,Region,..Kaolack (2005),0,,0.0,1.0,MLPMALCUNR,SNDHS2017444006,2017,DHS,1227.0,,,,
SEN,..Kaffrine,2426067,Number of children 6-59 months tested using RDT (unweighted),1006,0,SN,Senegal,2017,SN2017DHS,ML_PMAL_C_UNR,125136070.0,U,444007.0,1444330.0,Region,....Kaffrine,0,,0.0,1.0,MLPMALCUNR,SNDHS2017444007,2017,DHS,558.0,,,,1.0
SEN,..Kaolack (2010),1762931,Number of children 6-59 months tested using RDT (unweighted),659,0,SN,Senegal,2017,SN2017DHS,ML_PMAL_C_UNR,125136070.0,U,444008.0,1444340.0,Region,....Kaolack (2010),0,,0.0,1.0,MLPMALCUNR,SNDHS2017444008,2017,DHS,669.0,,,,1.0
SEN,Sud,1616639,Number of children 6-59 months tested using RDT (unweighted),2200,0,SN,Senegal,2017,SN2017DHS,ML_PMAL_C_UNR,125136070.0,U,444011.0,1444400.0,Region,Sud,0,,0.0,1.0,MLPMALCUNR,SNDHS2017444011,2017,DHS,1264.0,,,,
SEN,Ziguinchor,1066406,Number of children 6-59 months tested using RDT (unweighted),559,0,SN,Senegal,2017,SN2017DHS,ML_PMAL_C_UNR,125136070.0,U,444012.0,1444410.0,Region,..Ziguinchor,0,,0.0,1.0,MLPMALCUNR,SNDHS2017444012,2017,DHS,368.0,,,,1.0
SEN,Kolda (2005),1610034,Number of children 6-59 months tested using RDT (unweighted),1641,0,SN,Senegal,2017,SN2017DHS,ML_PMAL_C_UNR,125136070.0,U,444013.0,1444420.0,Region,..Kolda (2005),0,,0.0,1.0,MLPMALCUNR,SNDHS2017444013,2017,DHS,897.0,,,,
SEN,..Sédhiou,2855459,Number of children 6-59 months tested using RDT (unweighted),840,0,SN,Senegal,2017,SN2017DHS,ML_PMAL_C_UNR,125136070.0,U,444014.0,1444430.0,Region,....Sédhiou,0,,0.0,1.0,MLPMALCUNR,SNDHS2017444014,2017,DHS,365.0,,,,1.0
SEN,..Kolda (2010),7174120,Number of children 6-59 months tested using RDT (unweighted),801,0,SN,Senegal,2017,SN2017DHS,ML_PMAL_C_UNR,125136070.0,U,444015.0,1444440.0,Region,....Kolda (2010),0,,0.0,1.0,MLPMALCUNR,SNDHS2017444015,2017,DHS,532.0,,,,1.0
SEN,Tambacounda (2005),2195433,Number of children 6-59 months tested using RDT (unweighted),1548,0,SN,Senegal,2017,SN2017DHS,ML_PMAL_C_UNR,125136070.0,U,444019.0,1444480.0,Region,..Tambacounda (2005),0,,0.0,1.0,MLPMALCUNR,SNDHS2017444019,2017,DHS,742.0,,,,
SEN,..Kédougou,3210013,Number of children 6-59 months tested using RDT (unweighted),631,0,SN,Senegal,2017,SN2017DHS,ML_PMAL_C_UNR,125136070.0,U,444020.0,1444490.0,Region,....Kédougou,0,,0.0,1.0,MLPMALCUNR,SNDHS2017444020,2017,DHS,127.0,,,,1.0
SEN,..Tambacounda (2010),2816274,Number of children 6-59 months tested using RDT (unweighted),917,0,SN,Senegal,2017,SN2017DHS,ML_PMAL_C_UNR,125136070.0,U,444021.0,1444500.0,Region,....Tambacounda (2010),0,,0.0,1.0,MLPMALCUNR,SNDHS2017444021,2017,DHS,615.0,,,,1.0
SEN,Nord et Est,7377625,Malaria prevalence according to microscopy,0.9,1,SN,Senegal,2017,SN2017DHS,ML_PMAL_C_MSY,125136110.0,I,444016.0,1444100.0,Region,Nord et Est,0,,0.0,1.0,MLPMALCMSY,SNDHS2017444016,2017,DHS,1784.0,3039.0,0.3,1.5,
SEN,Saint Louis,7184804,Malaria prevalence according to microscopy,0,1,SN,Senegal,2017,SN2017DHS,ML_PMAL_C_MSY,125136110.0,I,444018.0,1444110.0,Region,..Saint Louis,0,,0.0,1.0,MLPMALCMSY,SNDHS2017444018,2017,DHS,636.0,676.0,0.0,0.0,1.0
SEN,Louga,1018615,Malaria prevalence according to microscopy,0,1,SN,Senegal,2017,SN2017DHS,ML_PMAL_C_MSY,125136110.0,I,444009.0,1444120.0,Region,..Louga,0,,0.0,1.0,MLPMALCMSY,SNDHS2017444009,2017,DHS,680.0,767.0,0.0,0.0,1.0
SEN,Matam,7455539,Malaria prevalence according to microscopy,0.2,1,SN,Senegal,2017,SN2017DHS,ML_PMAL_C_MSY,125136110.0,I,444017.0,1444130.0,Region,..Matam,0,,0.0,1.0,MLPMALCMSY,SNDHS2017444017,2017,DHS,405.0,814.0,0.0,0.5,1.0
SEN,Ouest,7507273,Malaria prevalence according to microscopy,0.1,1,SN,Senegal,2017,SN2017DHS,ML_PMAL_C_MSY,125136110.0,I,444001.0,1444200.0,Region,Ouest,0,,0.0,1.0,MLPMALCMSY,SNDHS2017444001,2017,DHS,3090.0,1476.0,0.0,0.2,
SEN,Dakar,7355096,Malaria prevalence according to microscopy,0.1,1,SN,Senegal,2017,SN2017DHS,ML_PMAL_C_MSY,125136110.0,I,444002.0,1444210.0,Region,..Dakar,0,,0.0,1.0,MLPMALCMSY,SNDHS2017444002,2017,DHS,1831.0,652.0,0.0,0.4,1.0
SEN,Thiès,5942736,Malaria prevalence according to microscopy,0,1,SN,Senegal,2017,SN2017DHS,ML_PMAL_C_MSY,125136110.0,I,444003.0,1444220.0,Region,..Thiès,0,,0.0,1.0,MLPMALCMSY,SNDHS2017444003,2017,DHS,1258.0,824.0,0.0,0.0,1.0
SEN,Centre,7422499,Malaria prevalence according to microscopy,0.1,1,SN,Senegal,2017,SN2017DHS,ML_PMAL_C_MSY,125136110.0,I,444004.0,1444300.0,Region,Centre,0,,0.0,1.0,MLPMALCMSY,SNDHS2017444004,2017,DHS,3711.0,4118.0,0.0,0.1,
SEN,Diourbel,3544983,Malaria prevalence according to microscopy,0,1,SN,Senegal,2017,SN2017DHS,ML_PMAL_C_MSY,125136110.0,I,444005.0,1444310.0,Region,..Diourbel,0,,0.0,1.0,MLPMALCMSY,SNDHS2017444005,2017,DHS,1293.0,915.0,0.0,0.0,1.0
SEN,Fatick,7436674,Malaria prevalence according to microscopy,0,1,SN,Senegal,2017,SN2017DHS,ML_PMAL_C_MSY,125136110.0,I,444010.0,1444315.0,Region,..Fatick,0,,0.0,1.0,MLPMALCMSY,SNDHS2017444010,2017,DHS,521.0,783.0,0.0,0.0,1.0
SEN,Kaolack (2005),7182624,Malaria prevalence according to microscopy,0.2,1,SN,Senegal,2017,SN2017DHS,ML_PMAL_C_MSY,125136110.0,I,444006.0,1444320.0,Region,..Kaolack (2005),0,,0.0,1.0,MLPMALCMSY,SNDHS2017444006,2017,DHS,1218.0,1653.0,0.0,0.4,
SEN,..Kaffrine,7165391,Malaria prevalence according to microscopy,0.1,1,SN,Senegal,2017,SN2017DHS,ML_PMAL_C_MSY,125136110.0,I,444007.0,1444330.0,Region,....Kaffrine,0,,0.0,1.0,MLPMALCMSY,SNDHS2017444007,2017,DHS,554.0,1000.0,0.0,0.3,1.0
SEN,..Kaolack (2010),7303579,Malaria prevalence according to microscopy,0.3,1,SN,Senegal,2017,SN2017DHS,ML_PMAL_C_MSY,125136110.0,I,444008.0,1444340.0,Region,....Kaolack (2010),0,,0.0,1.0,MLPMALCMSY,SNDHS2017444008,2017,DHS,663.0,653.0,0.0,0.6,1.0
SEN,Sud,7541705,Malaria prevalence according to microscopy,1.2,1,SN,Senegal,2017,SN2017DHS,ML_PMAL_C_MSY,125136110.0,I,444011.0,1444400.0,Region,Sud,0,,0.0,1.0,MLPMALCMSY,SNDHS2017444011,2017,DHS,1265.0,2201.0,0.4,2.0,
SEN,Ziguinchor,3499332,Malaria prevalence according to microscopy,0,1,SN,Senegal,2017,SN2017DHS,ML_PMAL_C_MSY,125136110.0,I,444012.0,1444410.0,Region,..Ziguinchor,0,,0.0,1.0,MLPMALCMSY,SNDHS2017444012,2017,DHS,368.0,560.0,0.0,0.0,1.0
SEN,Kolda (2005),7492930,Malaria prevalence according to microscopy,1.7,1,SN,Senegal,2017,SN2017DHS,ML_PMAL_C_MSY,125136110.0,I,444013.0,1444420.0,Region,..Kolda (2005),0,,0.0,1.0,MLPMALCMSY,SNDHS2017444013,2017,DHS,897.0,1641.0,0.6,2.8,
SEN,..Sédhiou,7210573,Malaria prevalence according to microscopy,0,1,SN,Senegal,2017,SN2017DHS,ML_PMAL_C_MSY,125136110.0,I,444014.0,1444430.0,Region,....Sédhiou,0,,0.0,1.0,MLPMALCMSY,SNDHS2017444014,2017,DHS,365.0,840.0,0.0,0.0,1.0
SEN,..Kolda (2010),1610114,Malaria prevalence according to microscopy,2.9,1,SN,Senegal,2017,SN2017DHS,ML_PMAL_C_MSY,125136110.0,I,444015.0,1444440.0,Region,....Kolda (2010),0,,0.0,1.0,MLPMALCMSY,SNDHS2017444015,2017,DHS,532.0,801.0,1.0,4.7,1.0
SEN,Tambacounda (2005),5380204,Malaria prevalence according to microscopy,2.1,1,SN,Senegal,2017,SN2017DHS,ML_PMAL_C_MSY,125136110.0,I,444019.0,1444480.0,Region,..Tambacounda (2005),0,,0.0,1.0,MLPMALCMSY,SNDHS2017444019,2017,DHS,743.0,1549.0,0.6,3.5,
SEN,..Kédougou,1603374,Malaria prevalence according to microscopy,7.3,1,SN,Senegal,2017,SN2017DHS,ML_PMAL_C_MSY,125136110.0,I,444020.0,1444490.0,Region,....Kédougou,0,,0.0,1.0,MLPMALCMSY,SNDHS2017444020,2017,DHS,127.0,631.0,1.5,13.1,1.0
SEN,..Tambacounda (2010),7358639,Malaria prevalence according to microscopy,1,1,SN,Senegal,2017,SN2017DHS,ML_PMAL_C_MSY,125136110.0,I,444021.0,1444500.0,Region,....Tambacounda (2010),0,,0.0,1.0,MLPMALCMSY,SNDHS2017444021,2017,DHS,616.0,918.0,0.0,1.9,1.0
SEN,Nord et Est,5349413,Number of children 6-59 months tested using microscopy,1784,0,SN,Senegal,2017,SN2017DHS,ML_PMAL_C_NMM,125136160.0,D,444016.0,1444100.0,Region,Nord et Est,0,,0.0,1.0,MLPMALCNMM,SNDHS2017444016,2017,DHS,,3039.0,,,
SEN,Saint Louis,3639773,Number of children 6-59 months tested using microscopy,636,0,SN,Senegal,2017,SN2017DHS,ML_PMAL_C_NMM,125136160.0,D,444018.0,1444110.0,Region,..Saint Louis,0,,0.0,1.0,MLPMALCNMM,SNDHS2017444018,2017,DHS,,676.0,,,1.0
SEN,Louga,7112915,Number of children 6-59 months tested using microscopy,680,0,SN,Senegal,2017,SN2017DHS,ML_PMAL_C_NMM,125136160.0,D,444009.0,1444120.0,Region,..Louga,0,,0.0,1.0,MLPMALCNMM,SNDHS2017444009,2017,DHS,,767.0,,,1.0
SEN,Matam,1603296,Number of children 6-59 months tested using microscopy,405,0,SN,Senegal,2017,SN2017DHS,ML_PMAL_C_NMM,125136160.0,D,444017.0,1444130.0,Region,..Matam,0,,0.0,1.0,MLPMALCNMM,SNDHS2017444017,2017,DHS,,814.0,,,1.0
SEN,Ouest,1596217,Number of children 6-59 months tested using microscopy,3090,0,SN,Senegal,2017,SN2017DHS,ML_PMAL_C_NMM,125136160.0,D,444001.0,1444200.0,Region,Ouest,0,,0.0,1.0,MLPMALCNMM,SNDHS2017444001,2017,DHS,,1476.0,,,
SEN,Dakar,5613600,Number of children 6-59 months tested using microscopy,1831,0,SN,Senegal,2017,SN2017DHS,ML_PMAL_C_NMM,125136160.0,D,444002.0,1444210.0,Region,..Dakar,0,,0.0,1.0,MLPMALCNMM,SNDHS2017444002,2017,DHS,,652.0,,,1.0
SEN,Thiès,5942725,Number of children 6-59 months tested using microscopy,1258,0,SN,Senegal,2017,SN2017DHS,ML_PMAL_C_NMM,125136160.0,D,444003.0,1444220.0,Region,..Thiès,0,,0.0,1.0,MLPMALCNMM,SNDHS2017444003,2017,DHS,,824.0,,,1.0
SEN,Centre,6489951,Number of children 6-59 months tested using microscopy,3711,0,SN,Senegal,2017,SN2017DHS,ML_PMAL_C_NMM,125136160.0,D,444004.0,1444300.0,Region,Centre,0,,0.0,1.0,MLPMALCNMM,SNDHS2017444004,2017,DHS,,4118.0,,,
SEN,Diourbel,3519891,Number of children 6-59 months tested using microscopy,1293,0,SN,Senegal,2017,SN2017DHS,ML_PMAL_C_NMM,125136160.0,D,444005.0,1444310.0,Region,..Diourbel,0,,0.0,1.0,MLPMALCNMM,SNDHS2017444005,2017,DHS,,915.0,,,1.0
SEN,Fatick,1616657,Number of children 6-59 months tested using microscopy,521,0,SN,Senegal,2017,SN2017DHS,ML_PMAL_C_NMM,125136160.0,D,444010.0,1444315.0,Region,..Fatick,0,,0.0,1.0,MLPMALCNMM,SNDHS2017444010,2017,DHS,,783.0,,,1.0
SEN,Kaolack (2005),4114337,Number of children 6-59 months tested using microscopy,1218,0,SN,Senegal,2017,SN2017DHS,ML_PMAL_C_NMM,125136160.0,D,444006.0,1444320.0,Region,..Kaolack (2005),0,,0.0,1.0,MLPMALCNMM,SNDHS2017444006,2017,DHS,,1653.0,,,
SEN,..Kaffrine,4141028,Number of children 6-59 months tested using microscopy,554,0,SN,Senegal,2017,SN2017DHS,ML_PMAL_C_NMM,125136160.0,D,444007.0,1444330.0,Region,....Kaffrine,0,,0.0,1.0,MLPMALCNMM,SNDHS2017444007,2017,DHS,,1000.0,,,1.0
SEN,..Kaolack (2010),1596204,Number of children 6-59 months tested using microscopy,663,0,SN,Senegal,2017,SN2017DHS,ML_PMAL_C_NMM,125136160.0,D,444008.0,1444340.0,Region,....Kaolack (2010),0,,0.0,1.0,MLPMALCNMM,SNDHS2017444008,2017,DHS,,653.0,,,1.0
SEN,Sud,6603217,Number of children 6-59 months tested using microscopy,1265,0,SN,Senegal,2017,SN2017DHS,ML_PMAL_C_NMM,125136160.0,D,444011.0,1444400.0,Region,Sud,0,,0.0,1.0,MLPMALCNMM,SNDHS2017444011,2017,DHS,,2201.0,,,
SEN,Ziguinchor,3562344,Number of children 6-59 months tested using microscopy,368,0,SN,Senegal,2017,SN2017DHS,ML_PMAL_C_NMM,125136160.0,D,444012.0,1444410.0,Region,..Ziguinchor,0,,0.0,1.0,MLPMALCNMM,SNDHS2017444012,2017,DHS,,560.0,,,1.0
SEN,Kolda (2005),1610050,Number of children 6-59 months tested using microscopy,897,0,SN,Senegal,2017,SN2017DHS,ML_PMAL_C_NMM,125136160.0,D,444013.0,1444420.0,Region,..Kolda (2005),0,,0.0,1.0,MLPMALCNMM,SNDHS2017444013,2017,DHS,,1641.0,,,
SEN,..Sédhiou,6359389,Number of children 6-59 months tested using microscopy,365,0,SN,Senegal,2017,SN2017DHS,ML_PMAL_C_NMM,125136160.0,D,444014.0,1444430.0,Region,....Sédhiou,0,,0.0,1.0,MLPMALCNMM,SNDHS2017444014,2017,DHS,,840.0,,,1.0
SEN,..Kolda (2010),7173276,Number of children 6-59 months tested using microscopy,532,0,SN,Senegal,2017,SN2017DHS,ML_PMAL_C_NMM,125136160.0,D,444015.0,1444440.0,Region,....Kolda (2010),0,,0.0,1.0,MLPMALCNMM,SNDHS2017444015,2017,DHS,,801.0,,,1.0
SEN,Tambacounda (2005),5385525,Number of children 6-59 months tested using microscopy,743,0,SN,Senegal,2017,SN2017DHS,ML_PMAL_C_NMM,125136160.0,D,444019.0,1444480.0,Region,..Tambacounda (2005),0,,0.0,1.0,MLPMALCNMM,SNDHS2017444019,2017,DHS,,1549.0,,,
SEN,..Kédougou,1603295,Number of children 6-59 months tested using microscopy,127,0,SN,Senegal,2017,SN2017DHS,ML_PMAL_C_NMM,125136160.0,D,444020.0,1444490.0,Region,....Kédougou,0,,0.0,1.0,MLPMALCNMM,SNDHS2017444020,2017,DHS,,631.0,,,1.0
SEN,..Tambacounda (2010),5507437,Number of children 6-59 months tested using microscopy,616,0,SN,Senegal,2017,SN2017DHS,ML_PMAL_C_NMM,125136160.0,D,444021.0,1444500.0,Region,....Tambacounda (2010),0,,0.0,1.0,MLPMALCNMM,SNDHS2017444021,2017,DHS,,918.0,,,1.0
SEN,Nord et Est,2619249,Number of children 6-59 months tested using microscopy (unweighted),3039,0,SN,Senegal,2017,SN2017DHS,ML_PMAL_C_UNM,125136170.0,U,444016.0,1444100.0,Region,Nord et Est,0,,0.0,1.0,MLPMALCUNM,SNDHS2017444016,2017,DHS,1784.0,,,,
SEN,Saint Louis,1603878,Number of children 6-59 months tested using microscopy (unweighted),676,0,SN,Senegal,2017,SN2017DHS,ML_PMAL_C_UNM,125136170.0,U,444018.0,1444110.0,Region,..Saint Louis,0,,0.0,1.0,MLPMALCUNM,SNDHS2017444018,2017,DHS,636.0,,,,1.0
SEN,Louga,7110327,Number of children 6-59 months tested using microscopy (unweighted),767,0,SN,Senegal,2017,SN2017DHS,ML_PMAL_C_UNM,125136170.0,U,444009.0,1444120.0,Region,..Louga,0,,0.0,1.0,MLPMALCUNM,SNDHS2017444009,2017,DHS,680.0,,,,1.0
SEN,Matam,1805750,Number of children 6-59 months tested using microscopy (unweighted),814,0,SN,Senegal,2017,SN2017DHS,ML_PMAL_C_UNM,125136170.0,U,444017.0,1444130.0,Region,..Matam,0,,0.0,1.0,MLPMALCUNM,SNDHS2017444017,2017,DHS,405.0,,,,1.0
SEN,Ouest,2832359,Number of children 6-59 months tested using microscopy (unweighted),1476,0,SN,Senegal,2017,SN2017DHS,ML_PMAL_C_UNM,125136170.0,U,444001.0,1444200.0,Region,Ouest,0,,0.0,1.0,MLPMALCUNM,SNDHS2017444001,2017,DHS,3090.0,,,,
SEN,Dakar,1058146,Number of children 6-59 months tested using microscopy (unweighted),652,0,SN,Senegal,2017,SN2017DHS,ML_PMAL_C_UNM,125136170.0,U,444002.0,1444210.0,Region,..Dakar,0,,0.0,1.0,MLPMALCUNM,SNDHS2017444002,2017,DHS,1831.0,,,,1.0
SEN,Thiès,1603463,Number of children 6-59 months tested using microscopy (unweighted),824,0,SN,Senegal,2017,SN2017DHS,ML_PMAL_C_UNM,125136170.0,U,444003.0,1444220.0,Region,..Thiès,0,,0.0,1.0,MLPMALCUNM,SNDHS2017444003,2017,DHS,1258.0,,,,1.0
SEN,Centre,2848627,Number of children 6-59 months tested using microscopy (unweighted),4118,0,SN,Senegal,2017,SN2017DHS,ML_PMAL_C_UNM,125136170.0,U,444004.0,1444300.0,Region,Centre,0,,0.0,1.0,MLPMALCUNM,SNDHS2017444004,2017,DHS,3711.0,,,,
SEN,Diourbel,1693393,Number of children 6-59 months tested using microscopy (unweighted),915,0,SN,Senegal,2017,SN2017DHS,ML_PMAL_C_UNM,125136170.0,U,444005.0,1444310.0,Region,..Diourbel,0,,0.0,1.0,MLPMALCUNM,SNDHS2017444005,2017,DHS,1293.0,,,,1.0
SEN,Fatick,3251060,Number of children 6-59 months tested using microscopy (unweighted),783,0,SN,Senegal,2017,SN2017DHS,ML_PMAL_C_UNM,125136170.0,U,444010.0,1444315.0,Region,..Fatick,0,,0.0,1.0,MLPMALCUNM,SNDHS2017444010,2017,DHS,521.0,,,,1.0
SEN,Kaolack (2005),1603912,Number of children 6-59 months tested using microscopy (unweighted),1653,0,SN,Senegal,2017,SN2017DHS,ML_PMAL_C_UNM,125136170.0,U,444006.0,1444320.0,Region,..Kaolack (2005),0,,0.0,1.0,MLPMALCUNM,SNDHS2017444006,2017,DHS,1218.0,,,,
SEN,..Kaffrine,2050945,Number of children 6-59 months tested using microscopy (unweighted),1000,0,SN,Senegal,2017,SN2017DHS,ML_PMAL_C_UNM,125136170.0,U,444007.0,1444330.0,Region,....Kaffrine,0,,0.0,1.0,MLPMALCUNM,SNDHS2017444007,2017,DHS,554.0,,,,1.0
SEN,..Kaolack (2010),1596631,Number of children 6-59 months tested using microscopy (unweighted),653,0,SN,Senegal,2017,SN2017DHS,ML_PMAL_C_UNM,125136170.0,U,444008.0,1444340.0,Region,....Kaolack (2010),0,,0.0,1.0,MLPMALCUNM,SNDHS2017444008,2017,DHS,663.0,,,,1.0
SEN,Sud,2133897,Number of children 6-59 months tested using microscopy (unweighted),2201,0,SN,Senegal,2017,SN2017DHS,ML_PMAL_C_UNM,125136170.0,U,444011.0,1444400.0,Region,Sud,0,,0.0,1.0,MLPMALCUNM,SNDHS2017444011,2017,DHS,1265.0,,,,
SEN,Ziguinchor,2569514,Number of children 6-59 months tested using microscopy (unweighted),560,0,SN,Senegal,2017,SN2017DHS,ML_PMAL_C_UNM,125136170.0,U,444012.0,1444410.0,Region,..Ziguinchor,0,,0.0,1.0,MLPMALCUNM,SNDHS2017444012,2017,DHS,368.0,,,,1.0
SEN,Kolda (2005),2386742,Number of children 6-59 months tested using microscopy (unweighted),1641,0,SN,Senegal,2017,SN2017DHS,ML_PMAL_C_UNM,125136170.0,U,444013.0,1444420.0,Region,..Kolda (2005),0,,0.0,1.0,MLPMALCUNM,SNDHS2017444013,2017,DHS,897.0,,,,
SEN,..Sédhiou,2484448,Number of children 6-59 months tested using microscopy (unweighted),840,0,SN,Senegal,2017,SN2017DHS,ML_PMAL_C_UNM,125136170.0,U,444014.0,1444430.0,Region,....Sédhiou,0,,0.0,1.0,MLPMALCUNM,SNDHS2017444014,2017,DHS,365.0,,,,1.0
SEN,..Kolda (2010),7174133,Number of children 6-59 months tested using microscopy (unweighted),801,0,SN,Senegal,2017,SN2017DHS,ML_PMAL_C_UNM,125136170.0,U,444015.0,1444440.0,Region,....Kolda (2010),0,,0.0,1.0,MLPMALCUNM,SNDHS2017444015,2017,DHS,532.0,,,,1.0
SEN,Tambacounda (2005),2172170,Number of children 6-59 months tested using microscopy (unweighted),1549,0,SN,Senegal,2017,SN2017DHS,ML_PMAL_C_UNM,125136170.0,U,444019.0,1444480.0,Region,..Tambacounda (2005),0,,0.0,1.0,MLPMALCUNM,SNDHS2017444019,2017,DHS,743.0,,,,
SEN,..Kédougou,1603858,Number of children 6-59 months tested using microscopy (unweighted),631,0,SN,Senegal,2017,SN2017DHS,ML_PMAL_C_UNM,125136170.0,U,444020.0,1444490.0,Region,....Kédougou,0,,0.0,1.0,MLPMALCUNM,SNDHS2017444020,2017,DHS,127.0,,,,1.0
SEN,..Tambacounda (2010),1058135,Number of children 6-59 months tested using microscopy (unweighted),918,0,SN,Senegal,2017,SN2017DHS,ML_PMAL_C_UNM,125136170.0,U,444021.0,1444500.0,Region,....Tambacounda (2010),0,,0.0,1.0,MLPMALCUNM,SNDHS2017444021,2017,DHS,616.0,,,,1.0
SEN,Sud (>2010),1617844,Number of children 6-59 months tested using RDT (unweighted),3371,0,SN,Senegal,2020,SN2020MIS,ML_PMAL_C_UNR,125136070.0,U,444024.0,1444402.0,Region,Sud (>2010),0,,0.0,1.0,MLPMALCUNR,SNMIS2020444024,2020-21,MIS,,,,,1.0
SEN,Sud (>2010),1617845,Number of children 6-59 months tested using RDT (unweighted),3371,0,SN,Senegal,2020,SN2020MIS,ML_PMAL_C_UNR,125136070.0,U,444024.0,1444402.0,Region,Sud (>2010),0,,0.0,1.0,MLPMALCUNR,SNMIS2020444024,2020-21,MIS,,,,,1.0
